,Year_0,row_id,variable,paper2
8,2026,2026_8,Not mentioned at all,4.0
9,2026,2026_9,Not mentioned at all,1.0
10,2026,2026_10,Not mentioned at all,3.0
11,2026,2026_11,Not mentioned at all,5.0
12,2026,2026_12,Not mentioned at all,3.0
15,2026,2026_15,Not mentioned at all,2.0
16,2026,2026_16,Not mentioned at all,1.0
18,2026,2026_18,Not mentioned at all,1.0
19,2026,2026_19,Not mentioned at all,1.0
21,2026,2026_21,Not mentioned at all,1.0
23,2026,2026_23,Not mentioned at all,1.0
24,2026,2026_24,Not mentioned at all,1.0
27,2026,2026_27,Not mentioned at all,3.0
29,2026,2026_29,Not mentioned at all,2.0
30,2026,2026_30,Not mentioned at all,2.0
34,2026,2026_34,Not mentioned at all,3.0
35,2026,2026_35,Not mentioned at all,3.0
39,2026,2026_39,Not mentioned at all,2.0
40,2026,2026_40,Not mentioned at all,1.0
41,2026,2026_41,Not mentioned at all,1.0
44,2026,2026_44,Not mentioned at all,1.0
45,2026,2026_45,Not mentioned at all,2.0
46,2026,2026_46,Not mentioned at all,3.0
47,2026,2026_47,Not mentioned at all,1.0
48,2026,2026_48,Not mentioned at all,5.0
49,2026,2026_49,Not mentioned at all,1.0
51,2026,2026_51,Not mentioned at all,1.0
54,2026,2026_54,Not mentioned at all,3.0
56,2026,2026_56,Not mentioned at all,3.0
59,2026,2026_59,Not mentioned at all,4.0
60,2026,2026_60,Not mentioned at all,3.0
61,2026,2026_61,Not mentioned at all,1.0
65,2026,2026_65,Not mentioned at all,3.0
66,2026,2026_66,Not mentioned at all,3.0
67,2026,2026_67,Not mentioned at all,3.0
68,2026,2026_68,Not mentioned at all,3.0
70,2026,2026_70,Not mentioned at all,1.0
81,2026,2026_81,Not mentioned at all,2.0
82,2026,2026_82,Not mentioned at all,5.0
83,2026,2026_83,Not mentioned at all,2.0
86,2026,2026_86,Not mentioned at all,3.0
87,2026,2026_87,Not mentioned at all,3.0
88,2026,2026_88,Not mentioned at all,1.0
89,2026,2026_89,Not mentioned at all,2.0
90,2026,2026_90,Not mentioned at all,1.0
92,2026,2026_92,Not mentioned at all,3.0
93,2026,2026_93,Not mentioned at all,3.0
94,2026,2026_94,Not mentioned at all,1.0
97,2026,2026_97,Not mentioned at all,3.0
98,2026,2026_98,Not mentioned at all,1.0
102,2026,2026_102,Not mentioned at all,2.0
105,2026,2026_105,Not mentioned at all,3.0
106,2026,2026_106,Not mentioned at all,1.0
107,2026,2026_107,Not mentioned at all,1.0
108,2026,2026_108,Not mentioned at all,2.0
110,2026,2026_110,Not mentioned at all,2.0
115,2026,2026_115,Not mentioned at all,2.0
116,2026,2026_116,Not mentioned at all,5.0
118,2026,2026_118,Not mentioned at all,3.0
121,2026,2026_121,Not mentioned at all,2.0
123,2026,2026_123,Not mentioned at all,2.0
125,2026,2026_125,Not mentioned at all,3.0
128,2026,2026_128,Not mentioned at all,3.0
132,2026,2026_132,Not mentioned at all,3.0
133,2026,2026_133,Not mentioned at all,3.0
135,2026,2026_135,Not mentioned at all,1.0
136,2026,2026_136,Not mentioned at all,2.0
140,2026,2026_140,Not mentioned at all,3.0
142,2026,2026_142,Not mentioned at all,2.0
144,2026,2026_144,Not mentioned at all,4.0
145,2026,2026_145,Not mentioned at all,1.0
146,2026,2026_146,Not mentioned at all,1.0
147,2026,2026_147,Not mentioned at all,3.0
148,2026,2026_148,Not mentioned at all,1.0
149,2026,2026_149,Not mentioned at all,2.0
150,2026,2026_150,Not mentioned at all,4.0
153,2026,2026_153,Not mentioned at all,2.0
154,2026,2026_154,Not mentioned at all,1.0
163,2026,2026_163,Not mentioned at all,4.0
164,2026,2026_164,Not mentioned at all,5.0
167,2026,2026_167,Not mentioned at all,1.0
168,2026,2026_168,Not mentioned at all,1.0
169,2026,2026_169,Not mentioned at all,4.0
170,2026,2026_170,Not mentioned at all,2.0
177,2026,2026_177,Not mentioned at all,1.0
180,2026,2026_180,Not mentioned at all,2.0
181,2026,2026_181,Not mentioned at all,3.0
183,2026,2026_183,Not mentioned at all,1.0
185,2026,2026_185,Not mentioned at all,2.0
187,2026,2026_187,Not mentioned at all,3.0
188,2026,2026_188,Not mentioned at all,3.0
190,2026,2026_190,Not mentioned at all,1.0
193,2026,2026_193,Not mentioned at all,3.0
194,2026,2026_194,Not mentioned at all,2.0
195,2026,2026_195,Not mentioned at all,3.0
196,2026,2026_196,Not mentioned at all,2.0
198,2026,2026_198,Not mentioned at all,2.0
200,2026,2026_200,Not mentioned at all,5.0
202,2026,2026_202,Not mentioned at all,2.0
203,2026,2026_203,Not mentioned at all,1.0
205,2026,2026_205,Not mentioned at all,4.0
206,2026,2026_206,Not mentioned at all,3.0
209,2026,2026_209,Not mentioned at all,1.0
210,2026,2026_210,Not mentioned at all,1.0
211,2026,2026_211,Not mentioned at all,5.0
212,2026,2026_212,Not mentioned at all,3.0
214,2026,2026_214,Not mentioned at all,2.0
215,2026,2026_215,Not mentioned at all,3.0
216,2026,2026_216,Not mentioned at all,1.0
217,2026,2026_217,Not mentioned at all,1.0
218,2026,2026_218,Not mentioned at all,3.0
219,2026,2026_219,Not mentioned at all,3.0
220,2026,2026_220,Not mentioned at all,4.0
221,2026,2026_221,Not mentioned at all,3.0
222,2026,2026_222,Not mentioned at all,4.0
223,2026,2026_223,Not mentioned at all,3.0
224,2026,2026_224,Not mentioned at all,3.0
227,2026,2026_227,Not mentioned at all,1.0
228,2026,2026_228,Not mentioned at all,3.0
229,2026,2026_229,Not mentioned at all,1.0
231,2026,2026_231,Not mentioned at all,5.0
232,2026,2026_232,Not mentioned at all,5.0
236,2026,2026_236,Not mentioned at all,4.0
240,2026,2026_240,Not mentioned at all,3.0
241,2026,2026_241,Not mentioned at all,5.0
243,2026,2026_243,Not mentioned at all,3.0
244,2026,2026_244,Not mentioned at all,3.0
246,2026,2026_246,Not mentioned at all,1.0
247,2026,2026_247,Not mentioned at all,2.0
248,2026,2026_248,Not mentioned at all,1.0
249,2026,2026_249,Not mentioned at all,2.0
250,2026,2026_250,Not mentioned at all,2.0
253,2026,2026_253,Not mentioned at all,3.0
257,2026,2026_257,Not mentioned at all,4.0
259,2026,2026_259,Not mentioned at all,4.0
260,2026,2026_260,Not mentioned at all,2.0
262,2026,2026_262,Not mentioned at all,1.0
266,2026,2026_266,Not mentioned at all,1.0
272,2026,2026_272,Not mentioned at all,1.0
273,2026,2026_273,Not mentioned at all,1.0
275,2026,2026_275,Not mentioned at all,1.0
277,2026,2026_277,Not mentioned at all,5.0
279,2026,2026_279,Not mentioned at all,1.0
282,2026,2026_282,Not mentioned at all,3.0
284,2026,2026_284,Not mentioned at all,1.0
285,2026,2026_285,Not mentioned at all,1.0
286,2026,2026_286,Not mentioned at all,3.0
289,2026,2026_289,Not mentioned at all,1.0
290,2026,2026_290,Not mentioned at all,1.0
294,2026,2026_294,Not mentioned at all,5.0
295,2026,2026_295,Not mentioned at all,2.0
297,2026,2026_297,Not mentioned at all,4.0
299,2026,2026_299,Not mentioned at all,1.0
302,2026,2026_302,Not mentioned at all,4.0
306,2026,2026_306,Not mentioned at all,3.0
307,2026,2026_307,Not mentioned at all,1.0
309,2026,2026_309,Not mentioned at all,5.0
311,2026,2026_311,Not mentioned at all,3.0
312,2026,2026_312,Not mentioned at all,5.0
315,2026,2026_315,Not mentioned at all,3.0
316,2026,2026_316,Not mentioned at all,1.0
317,2026,2026_317,Not mentioned at all,2.0
319,2026,2026_319,Not mentioned at all,4.0
320,2026,2026_320,Not mentioned at all,5.0
325,2026,2026_325,Not mentioned at all,3.0
326,2026,2026_326,Not mentioned at all,1.0
328,2026,2026_328,Not mentioned at all,5.0
331,2026,2026_331,Not mentioned at all,3.0
334,2026,2026_334,Not mentioned at all,5.0
340,2026,2026_340,Not mentioned at all,5.0
341,2026,2026_341,Not mentioned at all,2.0
342,2026,2026_342,Not mentioned at all,1.0
343,2026,2026_343,Not mentioned at all,2.0
344,2026,2026_344,Not mentioned at all,1.0
346,2026,2026_346,Not mentioned at all,5.0
349,2026,2026_349,Not mentioned at all,1.0
355,2026,2026_355,Not mentioned at all,2.0
356,2026,2026_356,Not mentioned at all,4.0
357,2026,2026_357,Not mentioned at all,3.0
358,2026,2026_358,Not mentioned at all,3.0
359,2026,2026_359,Not mentioned at all,1.0
360,2026,2026_360,Not mentioned at all,3.0
363,2026,2026_363,Not mentioned at all,1.0
364,2026,2026_364,Not mentioned at all,3.0
365,2026,2026_365,Not mentioned at all,3.0
366,2026,2026_366,Not mentioned at all,1.0
367,2026,2026_367,Not mentioned at all,3.0
372,2026,2026_372,Not mentioned at all,1.0
373,2026,2026_373,Not mentioned at all,1.0
376,2026,2026_376,Not mentioned at all,4.0
377,2026,2026_377,Not mentioned at all,1.0
378,2026,2026_378,Not mentioned at all,1.0
381,2026,2026_381,Not mentioned at all,2.0
382,2026,2026_382,Not mentioned at all,1.0
385,2026,2026_385,Not mentioned at all,1.0
387,2026,2026_387,Not mentioned at all,3.0
389,2026,2026_389,Not mentioned at all,5.0
390,2026,2026_390,Not mentioned at all,1.0
391,2026,2026_391,Not mentioned at all,3.0
393,2026,2026_393,Not mentioned at all,2.0
394,2026,2026_394,Not mentioned at all,4.0
395,2026,2026_395,Not mentioned at all,1.0
396,2026,2026_396,Not mentioned at all,3.0
397,2026,2026_397,Not mentioned at all,5.0
403,2026,2026_403,Not mentioned at all,5.0
405,2026,2026_405,Not mentioned at all,3.0
408,2026,2026_408,Not mentioned at all,3.0
411,2026,2026_411,Not mentioned at all,2.0
412,2026,2026_412,Not mentioned at all,3.0
413,2026,2026_413,Not mentioned at all,3.0
414,2026,2026_414,Not mentioned at all,1.0
415,2026,2026_415,Not mentioned at all,5.0
418,2026,2026_418,Not mentioned at all,4.0
421,2026,2026_421,Not mentioned at all,4.0
426,2026,2026_426,Not mentioned at all,3.0
427,2026,2026_427,Not mentioned at all,3.0
430,2026,2026_430,Not mentioned at all,1.0
431,2026,2026_431,Not mentioned at all,3.0
434,2026,2026_434,Not mentioned at all,3.0
436,2026,2026_436,Not mentioned at all,2.0
437,2026,2026_437,Not mentioned at all,3.0
440,2026,2026_440,Not mentioned at all,1.0
441,2026,2026_441,Not mentioned at all,2.0
442,2026,2026_442,Not mentioned at all,4.0
445,2026,2026_445,Not mentioned at all,3.0
446,2026,2026_446,Not mentioned at all,5.0
448,2026,2026_448,Not mentioned at all,1.0
453,2026,2026_453,Not mentioned at all,1.0
455,2026,2026_455,Not mentioned at all,3.0
456,2026,2026_456,Not mentioned at all,3.0
458,2026,2026_458,Not mentioned at all,3.0
460,2026,2026_460,Not mentioned at all,3.0
461,2026,2026_461,Not mentioned at all,3.0
466,2026,2026_466,Not mentioned at all,3.0
467,2026,2026_467,Not mentioned at all,1.0
468,2026,2026_468,Not mentioned at all,5.0
470,2026,2026_470,Not mentioned at all,5.0
472,2026,2026_472,Not mentioned at all,1.0
474,2026,2026_474,Not mentioned at all,1.0
475,2026,2026_475,Not mentioned at all,3.0
476,2026,2026_476,Not mentioned at all,4.0
479,2026,2026_479,Not mentioned at all,2.0
481,2026,2026_481,Not mentioned at all,4.0
482,2026,2026_482,Not mentioned at all,3.0
483,2026,2026_483,Not mentioned at all,3.0
486,2026,2026_486,Not mentioned at all,2.0
487,2026,2026_487,Not mentioned at all,1.0
489,2026,2026_489,Not mentioned at all,1.0
494,2026,2026_494,Not mentioned at all,3.0
496,2026,2026_496,Not mentioned at all,3.0
503,2026,2026_503,Not mentioned at all,2.0
504,2026,2026_504,Not mentioned at all,3.0
510,2026,2026_510,Not mentioned at all,2.0
511,2026,2026_511,Not mentioned at all,1.0
514,2026,2026_514,Not mentioned at all,3.0
516,2026,2026_516,Not mentioned at all,5.0
517,2026,2026_517,Not mentioned at all,3.0
520,2026,2026_520,Not mentioned at all,1.0
521,2026,2026_521,Not mentioned at all,2.0
522,2026,2026_522,Not mentioned at all,1.0
531,2026,2026_531,Not mentioned at all,2.0
533,2026,2026_533,Not mentioned at all,1.0
534,2026,2026_534,Not mentioned at all,3.0
537,2026,2026_537,Not mentioned at all,3.0
538,2026,2026_538,Not mentioned at all,5.0
539,2026,2026_539,Not mentioned at all,1.0
541,2026,2026_541,Not mentioned at all,3.0
542,2026,2026_542,Not mentioned at all,1.0
544,2026,2026_544,Not mentioned at all,1.0
547,2026,2026_547,Not mentioned at all,3.0
549,2026,2026_549,Not mentioned at all,1.0
550,2026,2026_550,Not mentioned at all,1.0
552,2026,2026_552,Not mentioned at all,4.0
554,2026,2026_554,Not mentioned at all,3.0
557,2026,2026_557,Not mentioned at all,3.0
558,2026,2026_558,Not mentioned at all,1.0
571,2026,2026_571,Not mentioned at all,4.0
577,2026,2026_577,Not mentioned at all,1.0
582,2026,2026_582,Not mentioned at all,3.0
584,2026,2026_584,Not mentioned at all,4.0
589,2026,2026_589,Not mentioned at all,1.0
590,2026,2026_590,Not mentioned at all,1.0
593,2026,2026_593,Not mentioned at all,1.0
596,2026,2026_596,Not mentioned at all,5.0
600,2026,2026_600,Not mentioned at all,4.0
603,2026,2026_603,Not mentioned at all,4.0
604,2026,2026_604,Not mentioned at all,3.0
606,2026,2026_606,Not mentioned at all,4.0
612,2026,2026_612,Not mentioned at all,2.0
616,2026,2026_616,Not mentioned at all,3.0
617,2026,2026_617,Not mentioned at all,1.0
622,2026,2026_622,Not mentioned at all,5.0
628,2026,2026_628,Not mentioned at all,3.0
629,2026,2026_629,Not mentioned at all,3.0
644,2026,2026_644,Not mentioned at all,3.0
649,2026,2026_649,Not mentioned at all,3.0
652,2026,2026_652,Not mentioned at all,2.0
653,2026,2026_653,Not mentioned at all,3.0
654,2026,2026_654,Not mentioned at all,3.0
655,2026,2026_655,Not mentioned at all,3.0
657,2026,2026_657,Not mentioned at all,5.0
662,2026,2026_662,Not mentioned at all,5.0
663,2026,2026_663,Not mentioned at all,1.0
664,2026,2026_664,Not mentioned at all,4.0
666,2026,2026_666,Not mentioned at all,2.0
668,2026,2026_668,Not mentioned at all,1.0
671,2026,2026_671,Not mentioned at all,1.0
672,2026,2026_672,Not mentioned at all,1.0
675,2026,2026_675,Not mentioned at all,4.0
677,2026,2026_677,Not mentioned at all,2.0
678,2026,2026_678,Not mentioned at all,3.0
680,2026,2026_680,Not mentioned at all,4.0
684,2026,2026_684,Not mentioned at all,3.0
685,2026,2026_685,Not mentioned at all,1.0
688,2026,2026_688,Not mentioned at all,3.0
689,2026,2026_689,Not mentioned at all,4.0
691,2026,2026_691,Not mentioned at all,3.0
694,2026,2026_694,Not mentioned at all,1.0
696,2026,2026_696,Not mentioned at all,4.0
697,2026,2026_697,Not mentioned at all,2.0
698,2026,2026_698,Not mentioned at all,3.0
700,2026,2026_700,Not mentioned at all,3.0
701,2026,2026_701,Not mentioned at all,3.0
704,2026,2026_704,Not mentioned at all,3.0
711,2026,2026_711,Not mentioned at all,5.0
713,2026,2026_713,Not mentioned at all,5.0
716,2026,2026_716,Not mentioned at all,3.0
718,2026,2026_718,Not mentioned at all,1.0
721,2026,2026_721,Not mentioned at all,5.0
722,2026,2026_722,Not mentioned at all,3.0
723,2026,2026_723,Not mentioned at all,4.0
724,2026,2026_724,Not mentioned at all,3.0
728,2026,2026_728,Not mentioned at all,5.0
730,2026,2026_730,Not mentioned at all,3.0
731,2026,2026_731,Not mentioned at all,1.0
732,2026,2026_732,Not mentioned at all,2.0
736,2026,2026_736,Not mentioned at all,2.0
737,2026,2026_737,Not mentioned at all,1.0
740,2026,2026_740,Not mentioned at all,3.0
741,2026,2026_741,Not mentioned at all,4.0
744,2026,2026_744,Not mentioned at all,5.0
746,2026,2026_746,Not mentioned at all,1.0
747,2026,2026_747,Not mentioned at all,3.0
748,2026,2026_748,Not mentioned at all,5.0
749,2026,2026_749,Not mentioned at all,2.0
750,2026,2026_750,Not mentioned at all,1.0
751,2026,2026_751,Not mentioned at all,1.0
756,2026,2026_756,Not mentioned at all,5.0
758,2026,2026_758,Not mentioned at all,1.0
761,2026,2026_761,Not mentioned at all,2.0
762,2026,2026_762,Not mentioned at all,1.0
765,2026,2026_765,Not mentioned at all,5.0
768,2026,2026_768,Not mentioned at all,1.0
770,2026,2026_770,Not mentioned at all,3.0
776,2026,2026_776,Not mentioned at all,3.0
779,2026,2026_779,Not mentioned at all,3.0
781,2026,2026_781,Not mentioned at all,4.0
782,2026,2026_782,Not mentioned at all,3.0
784,2026,2026_784,Not mentioned at all,5.0
785,2026,2026_785,Not mentioned at all,4.0
787,2026,2026_787,Not mentioned at all,3.0
788,2026,2026_788,Not mentioned at all,3.0
797,2026,2026_797,Not mentioned at all,1.0
802,2026,2026_802,Not mentioned at all,3.0
804,2026,2026_804,Not mentioned at all,2.0
811,2026,2026_811,Not mentioned at all,5.0
812,2026,2026_812,Not mentioned at all,1.0
817,2026,2026_817,Not mentioned at all,3.0
818,2026,2026_818,Not mentioned at all,1.0
820,2026,2026_820,Not mentioned at all,2.0
821,2026,2026_821,Not mentioned at all,2.0
822,2026,2026_822,Not mentioned at all,5.0
823,2026,2026_823,Not mentioned at all,2.0
826,2026,2026_826,Not mentioned at all,3.0
829,2026,2026_829,Not mentioned at all,3.0
831,2026,2026_831,Not mentioned at all,2.0
836,2026,2026_836,Not mentioned at all,3.0
838,2026,2026_838,Not mentioned at all,1.0
840,2026,2026_840,Not mentioned at all,1.0
841,2026,2026_841,Not mentioned at all,1.0
842,2026,2026_842,Not mentioned at all,1.0
844,2026,2026_844,Not mentioned at all,1.0
845,2026,2026_845,Not mentioned at all,1.0
846,2026,2026_846,Not mentioned at all,5.0
850,2026,2026_850,Not mentioned at all,3.0
854,2026,2026_854,Not mentioned at all,3.0
856,2026,2026_856,Not mentioned at all,3.0
857,2026,2026_857,Not mentioned at all,1.0
859,2026,2026_859,Not mentioned at all,3.0
861,2026,2026_861,Not mentioned at all,1.0
864,2026,2026_864,Not mentioned at all,1.0
867,2026,2026_867,Not mentioned at all,5.0
868,2026,2026_868,Not mentioned at all,3.0
869,2026,2026_869,Not mentioned at all,1.0
870,2026,2026_870,Not mentioned at all,3.0
871,2026,2026_871,Not mentioned at all,1.0
873,2026,2026_873,Not mentioned at all,5.0
874,2026,2026_874,Not mentioned at all,2.0
875,2026,2026_875,Not mentioned at all,1.0
876,2026,2026_876,Not mentioned at all,1.0
877,2026,2026_877,Not mentioned at all,2.0
878,2026,2026_878,Not mentioned at all,1.0
880,2026,2026_880,Not mentioned at all,3.0
881,2026,2026_881,Not mentioned at all,2.0
882,2026,2026_882,Not mentioned at all,3.0
884,2026,2026_884,Not mentioned at all,5.0
885,2026,2026_885,Not mentioned at all,1.0
887,2026,2026_887,Not mentioned at all,5.0
891,2026,2026_891,Not mentioned at all,2.0
892,2026,2026_892,Not mentioned at all,3.0
893,2026,2026_893,Not mentioned at all,3.0
894,2026,2026_894,Not mentioned at all,1.0
895,2026,2026_895,Not mentioned at all,3.0
896,2026,2026_896,Not mentioned at all,2.0
898,2026,2026_898,Not mentioned at all,1.0
901,2026,2026_901,Not mentioned at all,2.0
902,2026,2026_902,Not mentioned at all,1.0
903,2026,2026_903,Not mentioned at all,1.0
905,2026,2026_905,Not mentioned at all,5.0
906,2026,2026_906,Not mentioned at all,3.0
907,2026,2026_907,Not mentioned at all,3.0
909,2026,2026_909,Not mentioned at all,3.0
910,2026,2026_910,Not mentioned at all,1.0
920,2026,2026_920,Not mentioned at all,3.0
923,2026,2026_923,Not mentioned at all,1.0
924,2026,2026_924,Not mentioned at all,4.0
925,2026,2026_925,Not mentioned at all,1.0
926,2026,2026_926,Not mentioned at all,1.0
927,2026,2026_927,Not mentioned at all,3.0
928,2026,2026_928,Not mentioned at all,4.0
929,2026,2026_929,Not mentioned at all,1.0
930,2026,2026_930,Not mentioned at all,2.0
931,2026,2026_931,Not mentioned at all,3.0
932,2026,2026_932,Not mentioned at all,1.0
934,2026,2026_934,Not mentioned at all,2.0
937,2026,2026_937,Not mentioned at all,4.0
939,2026,2026_939,Not mentioned at all,4.0
940,2026,2026_940,Not mentioned at all,1.0
942,2026,2026_942,Not mentioned at all,1.0
944,2026,2026_944,Not mentioned at all,4.0
947,2026,2026_947,Not mentioned at all,2.0
948,2026,2026_948,Not mentioned at all,2.0
949,2026,2026_949,Not mentioned at all,3.0
951,2026,2026_951,Not mentioned at all,5.0
953,2026,2026_953,Not mentioned at all,3.0
954,2026,2026_954,Not mentioned at all,3.0
956,2026,2026_956,Not mentioned at all,1.0
959,2026,2026_959,Not mentioned at all,5.0
960,2026,2026_960,Not mentioned at all,1.0
964,2026,2026_964,Not mentioned at all,3.0
969,2026,2026_969,Not mentioned at all,3.0
971,2026,2026_971,Not mentioned at all,1.0
973,2026,2026_973,Not mentioned at all,4.0
978,2026,2026_978,Not mentioned at all,1.0
979,2026,2026_979,Not mentioned at all,3.0
980,2026,2026_980,Not mentioned at all,3.0
981,2026,2026_981,Not mentioned at all,1.0
982,2026,2026_982,Not mentioned at all,2.0
986,2026,2026_986,Not mentioned at all,4.0
987,2026,2026_987,Not mentioned at all,3.0
991,2026,2026_991,Not mentioned at all,3.0
1001,2026,2026_1001,Not mentioned at all,2.0
1002,2026,2026_1002,Not mentioned at all,1.0
1007,2026,2026_1007,Not mentioned at all,1.0
1008,2026,2026_1008,Not mentioned at all,4.0
1009,2026,2026_1009,Not mentioned at all,2.0
1010,2026,2026_1010,Not mentioned at all,2.0
1011,2026,2026_1011,Not mentioned at all,5.0
1014,2026,2026_1014,Not mentioned at all,1.0
1016,2026,2026_1016,Not mentioned at all,1.0
1018,2026,2026_1018,Not mentioned at all,1.0
1019,2026,2026_1019,Not mentioned at all,2.0
1023,2026,2026_1023,Not mentioned at all,4.0
1027,2026,2026_1027,Not mentioned at all,2.0
1028,2026,2026_1028,Not mentioned at all,2.0
1030,2026,2026_1030,Not mentioned at all,4.0
1031,2026,2026_1031,Not mentioned at all,1.0
1034,2026,2026_1034,Not mentioned at all,1.0
1035,2026,2026_1035,Not mentioned at all,1.0
1038,2026,2026_1038,Not mentioned at all,3.0
1040,2026,2026_1040,Not mentioned at all,1.0
1042,2026,2026_1042,Not mentioned at all,1.0
1043,2026,2026_1043,Not mentioned at all,2.0
1045,2026,2026_1045,Not mentioned at all,3.0
1046,2026,2026_1046,Not mentioned at all,4.0
1047,2026,2026_1047,Not mentioned at all,1.0
1048,2026,2026_1048,Not mentioned at all,3.0
1050,2026,2026_1050,Not mentioned at all,3.0
1052,2026,2026_1052,Not mentioned at all,4.0
1055,2026,2026_1055,Not mentioned at all,1.0
1058,2026,2026_1058,Not mentioned at all,3.0
1065,2026,2026_1065,Not mentioned at all,2.0
1068,2026,2026_1068,Not mentioned at all,3.0
1069,2026,2026_1069,Not mentioned at all,2.0
1070,2026,2026_1070,Not mentioned at all,2.0
1071,2026,2026_1071,Not mentioned at all,1.0
1073,2026,2026_1073,Not mentioned at all,1.0
1075,2026,2026_1075,Not mentioned at all,4.0
1078,2026,2026_1078,Not mentioned at all,3.0
1079,2026,2026_1079,Not mentioned at all,3.0
1080,2026,2026_1080,Not mentioned at all,3.0
1081,2026,2026_1081,Not mentioned at all,2.0
1083,2026,2026_1083,Not mentioned at all,4.0
1086,2026,2026_1086,Not mentioned at all,1.0
1088,2026,2026_1088,Not mentioned at all,1.0
1091,2026,2026_1091,Not mentioned at all,1.0
1093,2026,2026_1093,Not mentioned at all,4.0
1094,2026,2026_1094,Not mentioned at all,1.0
1099,2026,2026_1099,Not mentioned at all,5.0
1101,2026,2026_1101,Not mentioned at all,1.0
1103,2026,2026_1103,Not mentioned at all,5.0
1104,2026,2026_1104,Not mentioned at all,3.0
1109,2026,2026_1109,Not mentioned at all,5.0
1110,2026,2026_1110,Not mentioned at all,1.0
1112,2026,2026_1112,Not mentioned at all,1.0
1113,2026,2026_1113,Not mentioned at all,3.0
1114,2026,2026_1114,Not mentioned at all,3.0
1115,2026,2026_1115,Not mentioned at all,4.0
1116,2026,2026_1116,Not mentioned at all,1.0
1117,2026,2026_1117,Not mentioned at all,1.0
1121,2026,2026_1121,Not mentioned at all,3.0
1124,2026,2026_1124,Not mentioned at all,2.0
1125,2026,2026_1125,Not mentioned at all,1.0
1126,2026,2026_1126,Not mentioned at all,4.0
1127,2026,2026_1127,Not mentioned at all,1.0
1128,2026,2026_1128,Not mentioned at all,4.0
1129,2026,2026_1129,Not mentioned at all,4.0
1130,2026,2026_1130,Not mentioned at all,3.0
1131,2026,2026_1131,Not mentioned at all,4.0
1132,2026,2026_1132,Not mentioned at all,1.0
1133,2026,2026_1133,Not mentioned at all,1.0
1135,2026,2026_1135,Not mentioned at all,2.0
1136,2026,2026_1136,Not mentioned at all,5.0
1137,2026,2026_1137,Not mentioned at all,2.0
1140,2026,2026_1140,Not mentioned at all,5.0
1141,2026,2026_1141,Not mentioned at all,3.0
1142,2026,2026_1142,Not mentioned at all,3.0
1143,2026,2026_1143,Not mentioned at all,4.0
1144,2026,2026_1144,Not mentioned at all,1.0
1147,2026,2026_1147,Not mentioned at all,1.0
1148,2026,2026_1148,Not mentioned at all,3.0
1149,2026,2026_1149,Not mentioned at all,4.0
1152,2026,2026_1152,Not mentioned at all,2.0
1155,2026,2026_1155,Not mentioned at all,2.0
1156,2026,2026_1156,Not mentioned at all,4.0
1157,2026,2026_1157,Not mentioned at all,1.0
1158,2026,2026_1158,Not mentioned at all,3.0
1159,2026,2026_1159,Not mentioned at all,3.0
1162,2026,2026_1162,Not mentioned at all,2.0
1167,2026,2026_3,Acknowledged in the main text,3.0
1172,2026,2026_8,Acknowledged in the main text,1.0
1173,2026,2026_9,Acknowledged in the main text,1.0
1174,2026,2026_10,Acknowledged in the main text,3.0
1175,2026,2026_11,Acknowledged in the main text,1.0
1176,2026,2026_12,Acknowledged in the main text,2.0
1179,2026,2026_15,Acknowledged in the main text,4.0
1180,2026,2026_16,Acknowledged in the main text,1.0
1182,2026,2026_18,Acknowledged in the main text,3.0
1187,2026,2026_23,Acknowledged in the main text,2.0
1188,2026,2026_24,Acknowledged in the main text,1.0
1191,2026,2026_27,Acknowledged in the main text,3.0
1193,2026,2026_29,Acknowledged in the main text,3.0
1194,2026,2026_30,Acknowledged in the main text,2.0
1198,2026,2026_34,Acknowledged in the main text,3.0
1199,2026,2026_35,Acknowledged in the main text,1.0
1203,2026,2026_39,Acknowledged in the main text,4.0
1204,2026,2026_40,Acknowledged in the main text,5.0
1205,2026,2026_41,Acknowledged in the main text,1.0
1209,2026,2026_45,Acknowledged in the main text,3.0
1210,2026,2026_46,Acknowledged in the main text,3.0
1211,2026,2026_47,Acknowledged in the main text,1.0
1213,2026,2026_49,Acknowledged in the main text,1.0
1215,2026,2026_51,Acknowledged in the main text,1.0
1218,2026,2026_54,Acknowledged in the main text,3.0
1220,2026,2026_56,Acknowledged in the main text,3.0
1223,2026,2026_59,Acknowledged in the main text,1.0
1224,2026,2026_60,Acknowledged in the main text,1.0
1225,2026,2026_61,Acknowledged in the main text,1.0
1229,2026,2026_65,Acknowledged in the main text,2.0
1230,2026,2026_66,Acknowledged in the main text,3.0
1231,2026,2026_67,Acknowledged in the main text,4.0
1232,2026,2026_68,Acknowledged in the main text,1.0
1234,2026,2026_70,Acknowledged in the main text,1.0
1245,2026,2026_81,Acknowledged in the main text,1.0
1246,2026,2026_82,Acknowledged in the main text,2.0
1247,2026,2026_83,Acknowledged in the main text,4.0
1250,2026,2026_86,Acknowledged in the main text,3.0
1251,2026,2026_87,Acknowledged in the main text,3.0
1252,2026,2026_88,Acknowledged in the main text,5.0
1253,2026,2026_89,Acknowledged in the main text,1.0
1254,2026,2026_90,Acknowledged in the main text,1.0
1256,2026,2026_92,Acknowledged in the main text,1.0
1257,2026,2026_93,Acknowledged in the main text,1.0
1258,2026,2026_94,Acknowledged in the main text,1.0
1261,2026,2026_97,Acknowledged in the main text,3.0
1262,2026,2026_98,Acknowledged in the main text,2.0
1265,2026,2026_101,Acknowledged in the main text,3.0
1266,2026,2026_102,Acknowledged in the main text,1.0
1269,2026,2026_105,Acknowledged in the main text,3.0
1270,2026,2026_106,Acknowledged in the main text,4.0
1271,2026,2026_107,Acknowledged in the main text,4.0
1272,2026,2026_108,Acknowledged in the main text,3.0
1273,2026,2026_109,Acknowledged in the main text,3.0
1274,2026,2026_110,Acknowledged in the main text,5.0
1279,2026,2026_115,Acknowledged in the main text,1.0
1280,2026,2026_116,Acknowledged in the main text,1.0
1281,2026,2026_117,Acknowledged in the main text,4.0
1282,2026,2026_118,Acknowledged in the main text,2.0
1283,2026,2026_119,Acknowledged in the main text,4.0
1285,2026,2026_121,Acknowledged in the main text,2.0
1287,2026,2026_123,Acknowledged in the main text,4.0
1289,2026,2026_125,Acknowledged in the main text,3.0
1292,2026,2026_128,Acknowledged in the main text,1.0
1296,2026,2026_132,Acknowledged in the main text,1.0
1297,2026,2026_133,Acknowledged in the main text,4.0
1299,2026,2026_135,Acknowledged in the main text,4.0
1300,2026,2026_136,Acknowledged in the main text,3.0
1304,2026,2026_140,Acknowledged in the main text,3.0
1306,2026,2026_142,Acknowledged in the main text,4.0
1308,2026,2026_144,Acknowledged in the main text,3.0
1309,2026,2026_145,Acknowledged in the main text,1.0
1310,2026,2026_146,Acknowledged in the main text,1.0
1311,2026,2026_147,Acknowledged in the main text,3.0
1312,2026,2026_148,Acknowledged in the main text,5.0
1313,2026,2026_149,Acknowledged in the main text,3.0
1314,2026,2026_150,Acknowledged in the main text,4.0
1317,2026,2026_153,Acknowledged in the main text,3.0
1318,2026,2026_154,Acknowledged in the main text,1.0
1327,2026,2026_163,Acknowledged in the main text,1.0
1328,2026,2026_164,Acknowledged in the main text,1.0
1332,2026,2026_168,Acknowledged in the main text,1.0
1333,2026,2026_169,Acknowledged in the main text,2.0
1334,2026,2026_170,Acknowledged in the main text,1.0
1341,2026,2026_177,Acknowledged in the main text,1.0
1344,2026,2026_180,Acknowledged in the main text,3.0
1345,2026,2026_181,Acknowledged in the main text,3.0
1349,2026,2026_185,Acknowledged in the main text,1.0
1351,2026,2026_187,Acknowledged in the main text,3.0
1352,2026,2026_188,Acknowledged in the main text,1.0
1354,2026,2026_190,Acknowledged in the main text,5.0
1356,2026,2026_192,Acknowledged in the main text,1.0
1357,2026,2026_193,Acknowledged in the main text,1.0
1358,2026,2026_194,Acknowledged in the main text,2.0
1359,2026,2026_195,Acknowledged in the main text,3.0
1360,2026,2026_196,Acknowledged in the main text,3.0
1364,2026,2026_200,Acknowledged in the main text,1.0
1366,2026,2026_202,Acknowledged in the main text,4.0
1367,2026,2026_203,Acknowledged in the main text,3.0
1369,2026,2026_205,Acknowledged in the main text,3.0
1370,2026,2026_206,Acknowledged in the main text,3.0
1373,2026,2026_209,Acknowledged in the main text,5.0
1375,2026,2026_211,Acknowledged in the main text,1.0
1376,2026,2026_212,Acknowledged in the main text,1.0
1378,2026,2026_214,Acknowledged in the main text,1.0
1379,2026,2026_215,Acknowledged in the main text,3.0
1380,2026,2026_216,Acknowledged in the main text,3.0
1381,2026,2026_217,Acknowledged in the main text,1.0
1382,2026,2026_218,Acknowledged in the main text,3.0
1383,2026,2026_219,Acknowledged in the main text,3.0
1384,2026,2026_220,Acknowledged in the main text,3.0
1385,2026,2026_221,Acknowledged in the main text,4.0
1386,2026,2026_222,Acknowledged in the main text,2.0
1387,2026,2026_223,Acknowledged in the main text,1.0
1388,2026,2026_224,Acknowledged in the main text,3.0
1391,2026,2026_227,Acknowledged in the main text,1.0
1392,2026,2026_228,Acknowledged in the main text,3.0
1393,2026,2026_229,Acknowledged in the main text,4.0
1395,2026,2026_231,Acknowledged in the main text,5.0
1396,2026,2026_232,Acknowledged in the main text,5.0
1404,2026,2026_240,Acknowledged in the main text,4.0
1405,2026,2026_241,Acknowledged in the main text,5.0
1407,2026,2026_243,Acknowledged in the main text,3.0
1408,2026,2026_244,Acknowledged in the main text,3.0
1410,2026,2026_246,Acknowledged in the main text,1.0
1411,2026,2026_247,Acknowledged in the main text,4.0
1412,2026,2026_248,Acknowledged in the main text,5.0
1413,2026,2026_249,Acknowledged in the main text,2.0
1414,2026,2026_250,Acknowledged in the main text,4.0
1417,2026,2026_253,Acknowledged in the main text,3.0
1421,2026,2026_257,Acknowledged in the main text,3.0
1423,2026,2026_259,Acknowledged in the main text,2.0
1424,2026,2026_260,Acknowledged in the main text,3.0
1426,2026,2026_262,Acknowledged in the main text,3.0
1430,2026,2026_266,Acknowledged in the main text,4.0
1436,2026,2026_272,Acknowledged in the main text,1.0
1437,2026,2026_273,Acknowledged in the main text,4.0
1439,2026,2026_275,Acknowledged in the main text,1.0
1441,2026,2026_277,Acknowledged in the main text,1.0
1443,2026,2026_279,Acknowledged in the main text,1.0
1446,2026,2026_282,Acknowledged in the main text,3.0
1448,2026,2026_284,Acknowledged in the main text,1.0
1449,2026,2026_285,Acknowledged in the main text,2.0
1450,2026,2026_286,Acknowledged in the main text,2.0
1453,2026,2026_289,Acknowledged in the main text,1.0
1454,2026,2026_290,Acknowledged in the main text,2.0
1455,2026,2026_291,Acknowledged in the main text,4.0
1458,2026,2026_294,Acknowledged in the main text,5.0
1459,2026,2026_295,Acknowledged in the main text,2.0
1461,2026,2026_297,Acknowledged in the main text,3.0
1463,2026,2026_299,Acknowledged in the main text,5.0
1466,2026,2026_302,Acknowledged in the main text,3.0
1470,2026,2026_306,Acknowledged in the main text,1.0
1471,2026,2026_307,Acknowledged in the main text,5.0
1473,2026,2026_309,Acknowledged in the main text,5.0
1476,2026,2026_312,Acknowledged in the main text,5.0
1479,2026,2026_315,Acknowledged in the main text,3.0
1481,2026,2026_317,Acknowledged in the main text,1.0
1483,2026,2026_319,Acknowledged in the main text,2.0
1484,2026,2026_320,Acknowledged in the main text,1.0
1486,2026,2026_322,Acknowledged in the main text,1.0
1489,2026,2026_325,Acknowledged in the main text,1.0
1490,2026,2026_326,Acknowledged in the main text,2.0
1492,2026,2026_328,Acknowledged in the main text,1.0
1495,2026,2026_331,Acknowledged in the main text,1.0
1498,2026,2026_334,Acknowledged in the main text,1.0
1504,2026,2026_340,Acknowledged in the main text,1.0
1505,2026,2026_341,Acknowledged in the main text,4.0
1506,2026,2026_342,Acknowledged in the main text,1.0
1507,2026,2026_343,Acknowledged in the main text,5.0
1508,2026,2026_344,Acknowledged in the main text,5.0
1513,2026,2026_349,Acknowledged in the main text,3.0
1515,2026,2026_351,Acknowledged in the main text,3.0
1519,2026,2026_355,Acknowledged in the main text,4.0
1520,2026,2026_356,Acknowledged in the main text,1.0
1522,2026,2026_358,Acknowledged in the main text,1.0
1524,2026,2026_360,Acknowledged in the main text,1.0
1527,2026,2026_363,Acknowledged in the main text,3.0
1528,2026,2026_364,Acknowledged in the main text,3.0
1529,2026,2026_365,Acknowledged in the main text,3.0
1530,2026,2026_366,Acknowledged in the main text,1.0
1531,2026,2026_367,Acknowledged in the main text,4.0
1536,2026,2026_372,Acknowledged in the main text,4.0
1537,2026,2026_373,Acknowledged in the main text,3.0
1540,2026,2026_376,Acknowledged in the main text,4.0
1541,2026,2026_377,Acknowledged in the main text,3.0
1542,2026,2026_378,Acknowledged in the main text,1.0
1545,2026,2026_381,Acknowledged in the main text,1.0
1546,2026,2026_382,Acknowledged in the main text,1.0
1549,2026,2026_385,Acknowledged in the main text,3.0
1551,2026,2026_387,Acknowledged in the main text,1.0
1553,2026,2026_389,Acknowledged in the main text,3.0
1554,2026,2026_390,Acknowledged in the main text,5.0
1555,2026,2026_391,Acknowledged in the main text,4.0
1558,2026,2026_394,Acknowledged in the main text,1.0
1559,2026,2026_395,Acknowledged in the main text,4.0
1560,2026,2026_396,Acknowledged in the main text,3.0
1561,2026,2026_397,Acknowledged in the main text,5.0
1567,2026,2026_403,Acknowledged in the main text,5.0
1569,2026,2026_405,Acknowledged in the main text,4.0
1572,2026,2026_408,Acknowledged in the main text,3.0
1575,2026,2026_411,Acknowledged in the main text,2.0
1576,2026,2026_412,Acknowledged in the main text,1.0
1577,2026,2026_413,Acknowledged in the main text,2.0
1578,2026,2026_414,Acknowledged in the main text,1.0
1579,2026,2026_415,Acknowledged in the main text,1.0
1582,2026,2026_418,Acknowledged in the main text,2.0
1585,2026,2026_421,Acknowledged in the main text,1.0
1590,2026,2026_426,Acknowledged in the main text,2.0
1591,2026,2026_427,Acknowledged in the main text,3.0
1594,2026,2026_430,Acknowledged in the main text,1.0
1595,2026,2026_431,Acknowledged in the main text,3.0
1597,2026,2026_433,Acknowledged in the main text,1.0
1598,2026,2026_434,Acknowledged in the main text,3.0
1600,2026,2026_436,Acknowledged in the main text,1.0
1601,2026,2026_437,Acknowledged in the main text,4.0
1604,2026,2026_440,Acknowledged in the main text,2.0
1605,2026,2026_441,Acknowledged in the main text,1.0
1606,2026,2026_442,Acknowledged in the main text,3.0
1609,2026,2026_445,Acknowledged in the main text,3.0
1612,2026,2026_448,Acknowledged in the main text,2.0
1617,2026,2026_453,Acknowledged in the main text,1.0
1619,2026,2026_455,Acknowledged in the main text,3.0
1620,2026,2026_456,Acknowledged in the main text,3.0
1622,2026,2026_458,Acknowledged in the main text,3.0
1624,2026,2026_460,Acknowledged in the main text,4.0
1625,2026,2026_461,Acknowledged in the main text,5.0
1630,2026,2026_466,Acknowledged in the main text,1.0
1631,2026,2026_467,Acknowledged in the main text,3.0
1632,2026,2026_468,Acknowledged in the main text,1.0
1633,2026,2026_469,Acknowledged in the main text,5.0
1634,2026,2026_470,Acknowledged in the main text,3.0
1638,2026,2026_474,Acknowledged in the main text,1.0
1639,2026,2026_475,Acknowledged in the main text,3.0
1640,2026,2026_476,Acknowledged in the main text,3.0
1643,2026,2026_479,Acknowledged in the main text,3.0
1645,2026,2026_481,Acknowledged in the main text,2.0
1646,2026,2026_482,Acknowledged in the main text,2.0
1647,2026,2026_483,Acknowledged in the main text,3.0
1650,2026,2026_486,Acknowledged in the main text,1.0
1651,2026,2026_487,Acknowledged in the main text,1.0
1653,2026,2026_489,Acknowledged in the main text,4.0
1658,2026,2026_494,Acknowledged in the main text,3.0
1667,2026,2026_503,Acknowledged in the main text,2.0
1668,2026,2026_504,Acknowledged in the main text,1.0
1674,2026,2026_510,Acknowledged in the main text,4.0
1675,2026,2026_511,Acknowledged in the main text,1.0
1678,2026,2026_514,Acknowledged in the main text,3.0
1680,2026,2026_516,Acknowledged in the main text,3.0
1681,2026,2026_517,Acknowledged in the main text,3.0
1684,2026,2026_520,Acknowledged in the main text,3.0
1685,2026,2026_521,Acknowledged in the main text,3.0
1686,2026,2026_522,Acknowledged in the main text,5.0
1695,2026,2026_531,Acknowledged in the main text,3.0
1697,2026,2026_533,Acknowledged in the main text,2.0
1698,2026,2026_534,Acknowledged in the main text,4.0
1701,2026,2026_537,Acknowledged in the main text,3.0
1702,2026,2026_538,Acknowledged in the main text,5.0
1703,2026,2026_539,Acknowledged in the main text,4.0
1705,2026,2026_541,Acknowledged in the main text,3.0
1706,2026,2026_542,Acknowledged in the main text,5.0
1708,2026,2026_544,Acknowledged in the main text,4.0
1709,2026,2026_545,Acknowledged in the main text,3.0
1711,2026,2026_547,Acknowledged in the main text,1.0
1713,2026,2026_549,Acknowledged in the main text,3.0
1714,2026,2026_550,Acknowledged in the main text,1.0
1716,2026,2026_552,Acknowledged in the main text,1.0
1717,2026,2026_553,Acknowledged in the main text,3.0
1718,2026,2026_554,Acknowledged in the main text,3.0
1721,2026,2026_557,Acknowledged in the main text,3.0
1722,2026,2026_558,Acknowledged in the main text,5.0
1726,2026,2026_562,Acknowledged in the main text,3.0
1735,2026,2026_571,Acknowledged in the main text,2.0
1741,2026,2026_577,Acknowledged in the main text,1.0
1746,2026,2026_582,Acknowledged in the main text,3.0
1748,2026,2026_584,Acknowledged in the main text,1.0
1753,2026,2026_589,Acknowledged in the main text,3.0
1754,2026,2026_590,Acknowledged in the main text,1.0
1760,2026,2026_596,Acknowledged in the main text,1.0
1764,2026,2026_600,Acknowledged in the main text,2.0
1767,2026,2026_603,Acknowledged in the main text,4.0
1768,2026,2026_604,Acknowledged in the main text,3.0
1770,2026,2026_606,Acknowledged in the main text,5.0
1776,2026,2026_612,Acknowledged in the main text,3.0
1780,2026,2026_616,Acknowledged in the main text,3.0
1781,2026,2026_617,Acknowledged in the main text,3.0
1786,2026,2026_622,Acknowledged in the main text,5.0
1792,2026,2026_628,Acknowledged in the main text,3.0
1793,2026,2026_629,Acknowledged in the main text,4.0
1800,2026,2026_636,Acknowledged in the main text,1.0
1808,2026,2026_644,Acknowledged in the main text,1.0
1813,2026,2026_649,Acknowledged in the main text,1.0
1816,2026,2026_652,Acknowledged in the main text,2.0
1817,2026,2026_653,Acknowledged in the main text,3.0
1818,2026,2026_654,Acknowledged in the main text,3.0
1819,2026,2026_655,Acknowledged in the main text,1.0
1821,2026,2026_657,Acknowledged in the main text,5.0
1826,2026,2026_662,Acknowledged in the main text,5.0
1827,2026,2026_663,Acknowledged in the main text,5.0
1828,2026,2026_664,Acknowledged in the main text,4.0
1830,2026,2026_666,Acknowledged in the main text,4.0
1832,2026,2026_668,Acknowledged in the main text,3.0
1835,2026,2026_671,Acknowledged in the main text,5.0
1836,2026,2026_672,Acknowledged in the main text,1.0
1839,2026,2026_675,Acknowledged in the main text,2.0
1841,2026,2026_677,Acknowledged in the main text,3.0
1842,2026,2026_678,Acknowledged in the main text,3.0
1844,2026,2026_680,Acknowledged in the main text,4.0
1848,2026,2026_684,Acknowledged in the main text,5.0
1849,2026,2026_685,Acknowledged in the main text,3.0
1852,2026,2026_688,Acknowledged in the main text,1.0
1853,2026,2026_689,Acknowledged in the main text,1.0
1855,2026,2026_691,Acknowledged in the main text,3.0
1856,2026,2026_692,Acknowledged in the main text,4.0
1858,2026,2026_694,Acknowledged in the main text,1.0
1860,2026,2026_696,Acknowledged in the main text,2.0
1861,2026,2026_697,Acknowledged in the main text,5.0
1862,2026,2026_698,Acknowledged in the main text,3.0
1864,2026,2026_700,Acknowledged in the main text,3.0
1865,2026,2026_701,Acknowledged in the main text,3.0
1868,2026,2026_704,Acknowledged in the main text,3.0
1875,2026,2026_711,Acknowledged in the main text,3.0
1877,2026,2026_713,Acknowledged in the main text,1.0
1880,2026,2026_716,Acknowledged in the main text,1.0
1882,2026,2026_718,Acknowledged in the main text,4.0
1885,2026,2026_721,Acknowledged in the main text,1.0
1886,2026,2026_722,Acknowledged in the main text,2.0
1887,2026,2026_723,Acknowledged in the main text,3.0
1888,2026,2026_724,Acknowledged in the main text,3.0
1892,2026,2026_728,Acknowledged in the main text,3.0
1894,2026,2026_730,Acknowledged in the main text,3.0
1895,2026,2026_731,Acknowledged in the main text,1.0
1896,2026,2026_732,Acknowledged in the main text,1.0
1900,2026,2026_736,Acknowledged in the main text,4.0
1904,2026,2026_740,Acknowledged in the main text,3.0
1905,2026,2026_741,Acknowledged in the main text,4.0
1908,2026,2026_744,Acknowledged in the main text,5.0
1910,2026,2026_746,Acknowledged in the main text,5.0
1911,2026,2026_747,Acknowledged in the main text,1.0
1912,2026,2026_748,Acknowledged in the main text,1.0
1913,2026,2026_749,Acknowledged in the main text,4.0
1914,2026,2026_750,Acknowledged in the main text,2.0
1915,2026,2026_751,Acknowledged in the main text,1.0
1922,2026,2026_758,Acknowledged in the main text,1.0
1925,2026,2026_761,Acknowledged in the main text,2.0
1926,2026,2026_762,Acknowledged in the main text,1.0
1929,2026,2026_765,Acknowledged in the main text,3.0
1932,2026,2026_768,Acknowledged in the main text,5.0
1934,2026,2026_770,Acknowledged in the main text,3.0
1940,2026,2026_776,Acknowledged in the main text,1.0
1943,2026,2026_779,Acknowledged in the main text,3.0
1945,2026,2026_781,Acknowledged in the main text,4.0
1946,2026,2026_782,Acknowledged in the main text,1.0
1948,2026,2026_784,Acknowledged in the main text,3.0
1949,2026,2026_785,Acknowledged in the main text,4.0
1951,2026,2026_787,Acknowledged in the main text,1.0
1952,2026,2026_788,Acknowledged in the main text,3.0
1961,2026,2026_797,Acknowledged in the main text,3.0
1966,2026,2026_802,Acknowledged in the main text,1.0
1968,2026,2026_804,Acknowledged in the main text,1.0
1970,2026,2026_806,Acknowledged in the main text,2.0
1975,2026,2026_811,Acknowledged in the main text,1.0
1976,2026,2026_812,Acknowledged in the main text,5.0
1980,2026,2026_816,Acknowledged in the main text,3.0
1981,2026,2026_817,Acknowledged in the main text,3.0
1982,2026,2026_818,Acknowledged in the main text,1.0
1985,2026,2026_821,Acknowledged in the main text,1.0
1986,2026,2026_822,Acknowledged in the main text,5.0
1987,2026,2026_823,Acknowledged in the main text,2.0
1990,2026,2026_826,Acknowledged in the main text,3.0
1993,2026,2026_829,Acknowledged in the main text,3.0
1995,2026,2026_831,Acknowledged in the main text,1.0
1999,2026,2026_835,Acknowledged in the main text,3.0
2000,2026,2026_836,Acknowledged in the main text,1.0
2002,2026,2026_838,Acknowledged in the main text,3.0
2005,2026,2026_841,Acknowledged in the main text,1.0
2006,2026,2026_842,Acknowledged in the main text,2.0
2008,2026,2026_844,Acknowledged in the main text,3.0
2009,2026,2026_845,Acknowledged in the main text,4.0
2010,2026,2026_846,Acknowledged in the main text,1.0
2014,2026,2026_850,Acknowledged in the main text,3.0
2018,2026,2026_854,Acknowledged in the main text,2.0
2020,2026,2026_856,Acknowledged in the main text,2.0
2021,2026,2026_857,Acknowledged in the main text,3.0
2023,2026,2026_859,Acknowledged in the main text,4.0
2025,2026,2026_861,Acknowledged in the main text,1.0
2026,2026,2026_862,Acknowledged in the main text,1.0
2028,2026,2026_864,Acknowledged in the main text,5.0
2031,2026,2026_867,Acknowledged in the main text,1.0
2032,2026,2026_868,Acknowledged in the main text,2.0
2033,2026,2026_869,Acknowledged in the main text,1.0
2034,2026,2026_870,Acknowledged in the main text,4.0
2035,2026,2026_871,Acknowledged in the main text,1.0
2037,2026,2026_873,Acknowledged in the main text,3.0
2038,2026,2026_874,Acknowledged in the main text,3.0
2039,2026,2026_875,Acknowledged in the main text,1.0
2041,2026,2026_877,Acknowledged in the main text,1.0
2042,2026,2026_878,Acknowledged in the main text,1.0
2044,2026,2026_880,Acknowledged in the main text,3.0
2045,2026,2026_881,Acknowledged in the main text,2.0
2046,2026,2026_882,Acknowledged in the main text,1.0
2048,2026,2026_884,Acknowledged in the main text,5.0
2049,2026,2026_885,Acknowledged in the main text,5.0
2051,2026,2026_887,Acknowledged in the main text,3.0
2055,2026,2026_891,Acknowledged in the main text,1.0
2056,2026,2026_892,Acknowledged in the main text,3.0
2057,2026,2026_893,Acknowledged in the main text,3.0
2058,2026,2026_894,Acknowledged in the main text,1.0
2059,2026,2026_895,Acknowledged in the main text,3.0
2060,2026,2026_896,Acknowledged in the main text,3.0
2061,2026,2026_897,Acknowledged in the main text,3.0
2062,2026,2026_898,Acknowledged in the main text,3.0
2065,2026,2026_901,Acknowledged in the main text,3.0
2066,2026,2026_902,Acknowledged in the main text,4.0
2067,2026,2026_903,Acknowledged in the main text,1.0
2070,2026,2026_906,Acknowledged in the main text,2.0
2071,2026,2026_907,Acknowledged in the main text,2.0
2073,2026,2026_909,Acknowledged in the main text,2.0
2084,2026,2026_920,Acknowledged in the main text,3.0
2087,2026,2026_923,Acknowledged in the main text,1.0
2088,2026,2026_924,Acknowledged in the main text,1.0
2089,2026,2026_925,Acknowledged in the main text,5.0
2090,2026,2026_926,Acknowledged in the main text,1.0
2091,2026,2026_927,Acknowledged in the main text,1.0
2092,2026,2026_928,Acknowledged in the main text,1.0
2093,2026,2026_929,Acknowledged in the main text,3.0
2094,2026,2026_930,Acknowledged in the main text,4.0
2095,2026,2026_931,Acknowledged in the main text,3.0
2096,2026,2026_932,Acknowledged in the main text,3.0
2098,2026,2026_934,Acknowledged in the main text,3.0
2101,2026,2026_937,Acknowledged in the main text,2.0
2104,2026,2026_940,Acknowledged in the main text,1.0
2108,2026,2026_944,Acknowledged in the main text,2.0
2111,2026,2026_947,Acknowledged in the main text,4.0
2112,2026,2026_948,Acknowledged in the main text,4.0
2113,2026,2026_949,Acknowledged in the main text,3.0
2115,2026,2026_951,Acknowledged in the main text,1.0
2117,2026,2026_953,Acknowledged in the main text,1.0
2118,2026,2026_954,Acknowledged in the main text,3.0
2120,2026,2026_956,Acknowledged in the main text,1.0
2123,2026,2026_959,Acknowledged in the main text,5.0
2124,2026,2026_960,Acknowledged in the main text,1.0
2128,2026,2026_964,Acknowledged in the main text,2.0
2133,2026,2026_969,Acknowledged in the main text,1.0
2135,2026,2026_971,Acknowledged in the main text,5.0
2142,2026,2026_978,Acknowledged in the main text,1.0
2143,2026,2026_979,Acknowledged in the main text,3.0
2144,2026,2026_980,Acknowledged in the main text,1.0
2146,2026,2026_982,Acknowledged in the main text,3.0
2150,2026,2026_986,Acknowledged in the main text,3.0
2151,2026,2026_987,Acknowledged in the main text,3.0
2155,2026,2026_991,Acknowledged in the main text,1.0
2164,2026,2026_1000,Acknowledged in the main text,3.0
2165,2026,2026_1001,Acknowledged in the main text,3.0
2166,2026,2026_1002,Acknowledged in the main text,1.0
2171,2026,2026_1007,Acknowledged in the main text,4.0
2172,2026,2026_1008,Acknowledged in the main text,1.0
2173,2026,2026_1009,Acknowledged in the main text,3.0
2174,2026,2026_1010,Acknowledged in the main text,3.0
2178,2026,2026_1014,Acknowledged in the main text,1.0
2180,2026,2026_1016,Acknowledged in the main text,1.0
2182,2026,2026_1018,Acknowledged in the main text,1.0
2183,2026,2026_1019,Acknowledged in the main text,2.0
2187,2026,2026_1023,Acknowledged in the main text,2.0
2191,2026,2026_1027,Acknowledged in the main text,3.0
2192,2026,2026_1028,Acknowledged in the main text,1.0
2194,2026,2026_1030,Acknowledged in the main text,1.0
2195,2026,2026_1031,Acknowledged in the main text,1.0
2198,2026,2026_1034,Acknowledged in the main text,1.0
2199,2026,2026_1035,Acknowledged in the main text,5.0
2200,2026,2026_1036,Acknowledged in the main text,5.0
2202,2026,2026_1038,Acknowledged in the main text,1.0
2204,2026,2026_1040,Acknowledged in the main text,1.0
2207,2026,2026_1043,Acknowledged in the main text,1.0
2209,2026,2026_1045,Acknowledged in the main text,2.0
2210,2026,2026_1046,Acknowledged in the main text,1.0
2211,2026,2026_1047,Acknowledged in the main text,3.0
2212,2026,2026_1048,Acknowledged in the main text,3.0
2214,2026,2026_1050,Acknowledged in the main text,3.0
2216,2026,2026_1052,Acknowledged in the main text,1.0
2219,2026,2026_1055,Acknowledged in the main text,1.0
2222,2026,2026_1058,Acknowledged in the main text,3.0
2229,2026,2026_1065,Acknowledged in the main text,2.0
2232,2026,2026_1068,Acknowledged in the main text,3.0
2233,2026,2026_1069,Acknowledged in the main text,1.0
2234,2026,2026_1070,Acknowledged in the main text,1.0
2237,2026,2026_1073,Acknowledged in the main text,2.0
2239,2026,2026_1075,Acknowledged in the main text,1.0
2242,2026,2026_1078,Acknowledged in the main text,3.0
2243,2026,2026_1079,Acknowledged in the main text,3.0
2244,2026,2026_1080,Acknowledged in the main text,3.0
2245,2026,2026_1081,Acknowledged in the main text,1.0
2247,2026,2026_1083,Acknowledged in the main text,4.0
2252,2026,2026_1088,Acknowledged in the main text,4.0
2255,2026,2026_1091,Acknowledged in the main text,2.0
2257,2026,2026_1093,Acknowledged in the main text,1.0
2258,2026,2026_1094,Acknowledged in the main text,3.0
2263,2026,2026_1099,Acknowledged in the main text,1.0
2265,2026,2026_1101,Acknowledged in the main text,1.0
2268,2026,2026_1104,Acknowledged in the main text,1.0
2270,2026,2026_1106,Acknowledged in the main text,3.0
2273,2026,2026_1109,Acknowledged in the main text,5.0
2274,2026,2026_1110,Acknowledged in the main text,1.0
2276,2026,2026_1112,Acknowledged in the main text,3.0
2277,2026,2026_1113,Acknowledged in the main text,1.0
2278,2026,2026_1114,Acknowledged in the main text,1.0
2279,2026,2026_1115,Acknowledged in the main text,3.0
2280,2026,2026_1116,Acknowledged in the main text,1.0
2281,2026,2026_1117,Acknowledged in the main text,1.0
2283,2026,2026_1119,Acknowledged in the main text,3.0
2285,2026,2026_1121,Acknowledged in the main text,2.0
2288,2026,2026_1124,Acknowledged in the main text,2.0
2289,2026,2026_1125,Acknowledged in the main text,1.0
2290,2026,2026_1126,Acknowledged in the main text,2.0
2291,2026,2026_1127,Acknowledged in the main text,1.0
2292,2026,2026_1128,Acknowledged in the main text,5.0
2293,2026,2026_1129,Acknowledged in the main text,2.0
2294,2026,2026_1130,Acknowledged in the main text,3.0
2295,2026,2026_1131,Acknowledged in the main text,3.0
2296,2026,2026_1132,Acknowledged in the main text,5.0
2297,2026,2026_1133,Acknowledged in the main text,3.0
2299,2026,2026_1135,Acknowledged in the main text,4.0
2300,2026,2026_1136,Acknowledged in the main text,5.0
2301,2026,2026_1137,Acknowledged in the main text,1.0
2304,2026,2026_1140,Acknowledged in the main text,1.0
2305,2026,2026_1141,Acknowledged in the main text,2.0
2306,2026,2026_1142,Acknowledged in the main text,3.0
2307,2026,2026_1143,Acknowledged in the main text,1.0
2308,2026,2026_1144,Acknowledged in the main text,5.0
2311,2026,2026_1147,Acknowledged in the main text,1.0
2312,2026,2026_1148,Acknowledged in the main text,1.0
2313,2026,2026_1149,Acknowledged in the main text,1.0
2319,2026,2026_1155,Acknowledged in the main text,3.0
2320,2026,2026_1156,Acknowledged in the main text,4.0
2321,2026,2026_1157,Acknowledged in the main text,1.0
2322,2026,2026_1158,Acknowledged in the main text,1.0
2323,2026,2026_1159,Acknowledged in the main text,3.0
2326,2026,2026_1162,Acknowledged in the main text,4.0
2331,2026,2026_3,Acknowledged in acknowledgements section,3.0
2336,2026,2026_8,Acknowledged in acknowledgements section,3.0
2337,2026,2026_9,Acknowledged in acknowledgements section,1.0
2338,2026,2026_10,Acknowledged in acknowledgements section,4.0
2339,2026,2026_11,Acknowledged in acknowledgements section,1.0
2340,2026,2026_12,Acknowledged in acknowledgements section,3.0
2343,2026,2026_15,Acknowledged in acknowledgements section,3.0
2344,2026,2026_16,Acknowledged in acknowledgements section,3.0
2346,2026,2026_18,Acknowledged in acknowledgements section,3.0
2349,2026,2026_21,Acknowledged in acknowledgements section,5.0
2351,2026,2026_23,Acknowledged in acknowledgements section,4.0
2352,2026,2026_24,Acknowledged in acknowledgements section,1.0
2355,2026,2026_27,Acknowledged in acknowledgements section,1.0
2357,2026,2026_29,Acknowledged in acknowledgements section,3.0
2358,2026,2026_30,Acknowledged in acknowledgements section,3.0
2360,2026,2026_32,Acknowledged in acknowledgements section,5.0
2362,2026,2026_34,Acknowledged in acknowledgements section,3.0
2363,2026,2026_35,Acknowledged in acknowledgements section,1.0
2367,2026,2026_39,Acknowledged in acknowledgements section,3.0
2368,2026,2026_40,Acknowledged in acknowledgements section,4.0
2369,2026,2026_41,Acknowledged in acknowledgements section,2.0
2373,2026,2026_45,Acknowledged in acknowledgements section,3.0
2374,2026,2026_46,Acknowledged in acknowledgements section,3.0
2375,2026,2026_47,Acknowledged in acknowledgements section,1.0
2376,2026,2026_48,Acknowledged in acknowledgements section,5.0
2377,2026,2026_49,Acknowledged in acknowledgements section,5.0
2379,2026,2026_51,Acknowledged in acknowledgements section,1.0
2382,2026,2026_54,Acknowledged in acknowledgements section,3.0
2384,2026,2026_56,Acknowledged in acknowledgements section,3.0
2387,2026,2026_59,Acknowledged in acknowledgements section,3.0
2388,2026,2026_60,Acknowledged in acknowledgements section,3.0
2389,2026,2026_61,Acknowledged in acknowledgements section,1.0
2393,2026,2026_65,Acknowledged in acknowledgements section,4.0
2394,2026,2026_66,Acknowledged in acknowledgements section,2.0
2395,2026,2026_67,Acknowledged in acknowledgements section,3.0
2396,2026,2026_68,Acknowledged in acknowledgements section,2.0
2398,2026,2026_70,Acknowledged in acknowledgements section,1.0
2409,2026,2026_81,Acknowledged in acknowledgements section,2.0
2410,2026,2026_82,Acknowledged in acknowledgements section,3.0
2411,2026,2026_83,Acknowledged in acknowledgements section,2.0
2414,2026,2026_86,Acknowledged in acknowledgements section,3.0
2415,2026,2026_87,Acknowledged in acknowledgements section,1.0
2416,2026,2026_88,Acknowledged in acknowledgements section,3.0
2417,2026,2026_89,Acknowledged in acknowledgements section,3.0
2418,2026,2026_90,Acknowledged in acknowledgements section,2.0
2420,2026,2026_92,Acknowledged in acknowledgements section,2.0
2421,2026,2026_93,Acknowledged in acknowledgements section,5.0
2422,2026,2026_94,Acknowledged in acknowledgements section,4.0
2425,2026,2026_97,Acknowledged in acknowledgements section,3.0
2426,2026,2026_98,Acknowledged in acknowledgements section,3.0
2429,2026,2026_101,Acknowledged in acknowledgements section,4.0
2430,2026,2026_102,Acknowledged in acknowledgements section,3.0
2431,2026,2026_103,Acknowledged in acknowledgements section,3.0
2433,2026,2026_105,Acknowledged in acknowledgements section,3.0
2434,2026,2026_106,Acknowledged in acknowledgements section,1.0
2435,2026,2026_107,Acknowledged in acknowledgements section,2.0
2436,2026,2026_108,Acknowledged in acknowledgements section,3.0
2437,2026,2026_109,Acknowledged in acknowledgements section,3.0
2443,2026,2026_115,Acknowledged in acknowledgements section,2.0
2444,2026,2026_116,Acknowledged in acknowledgements section,3.0
2445,2026,2026_117,Acknowledged in acknowledgements section,4.0
2446,2026,2026_118,Acknowledged in acknowledgements section,3.0
2449,2026,2026_121,Acknowledged in acknowledgements section,2.0
2451,2026,2026_123,Acknowledged in acknowledgements section,4.0
2453,2026,2026_125,Acknowledged in acknowledgements section,3.0
2456,2026,2026_128,Acknowledged in acknowledgements section,3.0
2460,2026,2026_132,Acknowledged in acknowledgements section,3.0
2461,2026,2026_133,Acknowledged in acknowledgements section,1.0
2463,2026,2026_135,Acknowledged in acknowledgements section,3.0
2464,2026,2026_136,Acknowledged in acknowledgements section,3.0
2468,2026,2026_140,Acknowledged in acknowledgements section,3.0
2470,2026,2026_142,Acknowledged in acknowledgements section,2.0
2472,2026,2026_144,Acknowledged in acknowledgements section,4.0
2473,2026,2026_145,Acknowledged in acknowledgements section,3.0
2474,2026,2026_146,Acknowledged in acknowledgements section,3.0
2475,2026,2026_147,Acknowledged in acknowledgements section,3.0
2476,2026,2026_148,Acknowledged in acknowledgements section,3.0
2477,2026,2026_149,Acknowledged in acknowledgements section,4.0
2478,2026,2026_150,Acknowledged in acknowledgements section,3.0
2481,2026,2026_153,Acknowledged in acknowledgements section,3.0
2482,2026,2026_154,Acknowledged in acknowledgements section,1.0
2491,2026,2026_163,Acknowledged in acknowledgements section,2.0
2492,2026,2026_164,Acknowledged in acknowledgements section,5.0
2495,2026,2026_167,Acknowledged in acknowledgements section,3.0
2496,2026,2026_168,Acknowledged in acknowledgements section,3.0
2497,2026,2026_169,Acknowledged in acknowledgements section,1.0
2498,2026,2026_170,Acknowledged in acknowledgements section,3.0
2504,2026,2026_176,Acknowledged in acknowledgements section,3.0
2505,2026,2026_177,Acknowledged in acknowledgements section,1.0
2508,2026,2026_180,Acknowledged in acknowledgements section,5.0
2509,2026,2026_181,Acknowledged in acknowledgements section,2.0
2513,2026,2026_185,Acknowledged in acknowledgements section,2.0
2515,2026,2026_187,Acknowledged in acknowledgements section,4.0
2516,2026,2026_188,Acknowledged in acknowledgements section,3.0
2520,2026,2026_192,Acknowledged in acknowledgements section,2.0
2521,2026,2026_193,Acknowledged in acknowledgements section,3.0
2522,2026,2026_194,Acknowledged in acknowledgements section,2.0
2524,2026,2026_196,Acknowledged in acknowledgements section,5.0
2525,2026,2026_197,Acknowledged in acknowledgements section,3.0
2526,2026,2026_198,Acknowledged in acknowledgements section,4.0
2528,2026,2026_200,Acknowledged in acknowledgements section,1.0
2530,2026,2026_202,Acknowledged in acknowledgements section,3.0
2531,2026,2026_203,Acknowledged in acknowledgements section,5.0
2532,2026,2026_204,Acknowledged in acknowledgements section,3.0
2533,2026,2026_205,Acknowledged in acknowledgements section,2.0
2534,2026,2026_206,Acknowledged in acknowledgements section,3.0
2537,2026,2026_209,Acknowledged in acknowledgements section,5.0
2539,2026,2026_211,Acknowledged in acknowledgements section,1.0
2540,2026,2026_212,Acknowledged in acknowledgements section,3.0
2542,2026,2026_214,Acknowledged in acknowledgements section,3.0
2543,2026,2026_215,Acknowledged in acknowledgements section,3.0
2544,2026,2026_216,Acknowledged in acknowledgements section,3.0
2545,2026,2026_217,Acknowledged in acknowledgements section,3.0
2546,2026,2026_218,Acknowledged in acknowledgements section,3.0
2547,2026,2026_219,Acknowledged in acknowledgements section,3.0
2549,2026,2026_221,Acknowledged in acknowledgements section,2.0
2550,2026,2026_222,Acknowledged in acknowledgements section,2.0
2551,2026,2026_223,Acknowledged in acknowledgements section,4.0
2552,2026,2026_224,Acknowledged in acknowledgements section,3.0
2555,2026,2026_227,Acknowledged in acknowledgements section,1.0
2556,2026,2026_228,Acknowledged in acknowledgements section,3.0
2557,2026,2026_229,Acknowledged in acknowledgements section,4.0
2559,2026,2026_231,Acknowledged in acknowledgements section,3.0
2560,2026,2026_232,Acknowledged in acknowledgements section,1.0
2566,2026,2026_238,Acknowledged in acknowledgements section,3.0
2568,2026,2026_240,Acknowledged in acknowledgements section,3.0
2569,2026,2026_241,Acknowledged in acknowledgements section,5.0
2571,2026,2026_243,Acknowledged in acknowledgements section,3.0
2572,2026,2026_244,Acknowledged in acknowledgements section,3.0
2574,2026,2026_246,Acknowledged in acknowledgements section,3.0
2575,2026,2026_247,Acknowledged in acknowledgements section,4.0
2576,2026,2026_248,Acknowledged in acknowledgements section,1.0
2577,2026,2026_249,Acknowledged in acknowledgements section,3.0
2578,2026,2026_250,Acknowledged in acknowledgements section,4.0
2581,2026,2026_253,Acknowledged in acknowledgements section,3.0
2585,2026,2026_257,Acknowledged in acknowledgements section,3.0
2587,2026,2026_259,Acknowledged in acknowledgements section,3.0
2588,2026,2026_260,Acknowledged in acknowledgements section,3.0
2590,2026,2026_262,Acknowledged in acknowledgements section,3.0
2594,2026,2026_266,Acknowledged in acknowledgements section,4.0
2595,2026,2026_267,Acknowledged in acknowledgements section,5.0
2600,2026,2026_272,Acknowledged in acknowledgements section,2.0
2601,2026,2026_273,Acknowledged in acknowledgements section,1.0
2603,2026,2026_275,Acknowledged in acknowledgements section,1.0
2605,2026,2026_277,Acknowledged in acknowledgements section,2.0
2607,2026,2026_279,Acknowledged in acknowledgements section,3.0
2610,2026,2026_282,Acknowledged in acknowledgements section,3.0
2612,2026,2026_284,Acknowledged in acknowledgements section,1.0
2613,2026,2026_285,Acknowledged in acknowledgements section,3.0
2614,2026,2026_286,Acknowledged in acknowledgements section,2.0
2617,2026,2026_289,Acknowledged in acknowledgements section,5.0
2618,2026,2026_290,Acknowledged in acknowledgements section,2.0
2622,2026,2026_294,Acknowledged in acknowledgements section,3.0
2623,2026,2026_295,Acknowledged in acknowledgements section,2.0
2624,2026,2026_296,Acknowledged in acknowledgements section,3.0
2625,2026,2026_297,Acknowledged in acknowledgements section,2.0
2627,2026,2026_299,Acknowledged in acknowledgements section,1.0
2630,2026,2026_302,Acknowledged in acknowledgements section,1.0
2634,2026,2026_306,Acknowledged in acknowledgements section,2.0
2635,2026,2026_307,Acknowledged in acknowledgements section,3.0
2637,2026,2026_309,Acknowledged in acknowledgements section,5.0
2643,2026,2026_315,Acknowledged in acknowledgements section,3.0
2645,2026,2026_317,Acknowledged in acknowledgements section,4.0
2647,2026,2026_319,Acknowledged in acknowledgements section,2.0
2648,2026,2026_320,Acknowledged in acknowledgements section,1.0
2650,2026,2026_322,Acknowledged in acknowledgements section,1.0
2653,2026,2026_325,Acknowledged in acknowledgements section,3.0
2654,2026,2026_326,Acknowledged in acknowledgements section,4.0
2656,2026,2026_328,Acknowledged in acknowledgements section,1.0
2659,2026,2026_331,Acknowledged in acknowledgements section,3.0
2662,2026,2026_334,Acknowledged in acknowledgements section,1.0
2668,2026,2026_340,Acknowledged in acknowledgements section,1.0
2669,2026,2026_341,Acknowledged in acknowledgements section,3.0
2670,2026,2026_342,Acknowledged in acknowledgements section,1.0
2671,2026,2026_343,Acknowledged in acknowledgements section,1.0
2672,2026,2026_344,Acknowledged in acknowledgements section,5.0
2677,2026,2026_349,Acknowledged in acknowledgements section,3.0
2679,2026,2026_351,Acknowledged in acknowledgements section,3.0
2680,2026,2026_352,Acknowledged in acknowledgements section,4.0
2684,2026,2026_356,Acknowledged in acknowledgements section,2.0
2685,2026,2026_357,Acknowledged in acknowledgements section,3.0
2686,2026,2026_358,Acknowledged in acknowledgements section,3.0
2687,2026,2026_359,Acknowledged in acknowledgements section,2.0
2688,2026,2026_360,Acknowledged in acknowledgements section,1.0
2691,2026,2026_363,Acknowledged in acknowledgements section,5.0
2692,2026,2026_364,Acknowledged in acknowledgements section,1.0
2693,2026,2026_365,Acknowledged in acknowledgements section,3.0
2694,2026,2026_366,Acknowledged in acknowledgements section,1.0
2695,2026,2026_367,Acknowledged in acknowledgements section,3.0
2700,2026,2026_372,Acknowledged in acknowledgements section,1.0
2701,2026,2026_373,Acknowledged in acknowledgements section,3.0
2704,2026,2026_376,Acknowledged in acknowledgements section,2.0
2705,2026,2026_377,Acknowledged in acknowledgements section,3.0
2706,2026,2026_378,Acknowledged in acknowledgements section,5.0
2709,2026,2026_381,Acknowledged in acknowledgements section,3.0
2710,2026,2026_382,Acknowledged in acknowledgements section,1.0
2713,2026,2026_385,Acknowledged in acknowledgements section,2.0
2715,2026,2026_387,Acknowledged in acknowledgements section,1.0
2717,2026,2026_389,Acknowledged in acknowledgements section,5.0
2718,2026,2026_390,Acknowledged in acknowledgements section,1.0
2719,2026,2026_391,Acknowledged in acknowledgements section,2.0
2721,2026,2026_393,Acknowledged in acknowledgements section,3.0
2722,2026,2026_394,Acknowledged in acknowledgements section,2.0
2723,2026,2026_395,Acknowledged in acknowledgements section,3.0
2724,2026,2026_396,Acknowledged in acknowledgements section,3.0
2725,2026,2026_397,Acknowledged in acknowledgements section,3.0
2731,2026,2026_403,Acknowledged in acknowledgements section,2.0
2733,2026,2026_405,Acknowledged in acknowledgements section,2.0
2735,2026,2026_407,Acknowledged in acknowledgements section,3.0
2736,2026,2026_408,Acknowledged in acknowledgements section,3.0
2739,2026,2026_411,Acknowledged in acknowledgements section,2.0
2740,2026,2026_412,Acknowledged in acknowledgements section,3.0
2741,2026,2026_413,Acknowledged in acknowledgements section,3.0
2742,2026,2026_414,Acknowledged in acknowledgements section,1.0
2743,2026,2026_415,Acknowledged in acknowledgements section,1.0
2746,2026,2026_418,Acknowledged in acknowledgements section,3.0
2749,2026,2026_421,Acknowledged in acknowledgements section,4.0
2750,2026,2026_422,Acknowledged in acknowledgements section,3.0
2754,2026,2026_426,Acknowledged in acknowledgements section,3.0
2755,2026,2026_427,Acknowledged in acknowledgements section,4.0
2758,2026,2026_430,Acknowledged in acknowledgements section,1.0
2759,2026,2026_431,Acknowledged in acknowledgements section,3.0
2761,2026,2026_433,Acknowledged in acknowledgements section,2.0
2762,2026,2026_434,Acknowledged in acknowledgements section,3.0
2764,2026,2026_436,Acknowledged in acknowledgements section,2.0
2765,2026,2026_437,Acknowledged in acknowledgements section,4.0
2768,2026,2026_440,Acknowledged in acknowledgements section,2.0
2769,2026,2026_441,Acknowledged in acknowledgements section,2.0
2770,2026,2026_442,Acknowledged in acknowledgements section,3.0
2773,2026,2026_445,Acknowledged in acknowledgements section,3.0
2776,2026,2026_448,Acknowledged in acknowledgements section,1.0
2781,2026,2026_453,Acknowledged in acknowledgements section,1.0
2783,2026,2026_455,Acknowledged in acknowledgements section,3.0
2784,2026,2026_456,Acknowledged in acknowledgements section,1.0
2786,2026,2026_458,Acknowledged in acknowledgements section,3.0
2787,2026,2026_459,Acknowledged in acknowledgements section,3.0
2788,2026,2026_460,Acknowledged in acknowledgements section,3.0
2789,2026,2026_461,Acknowledged in acknowledgements section,3.0
2794,2026,2026_466,Acknowledged in acknowledgements section,1.0
2795,2026,2026_467,Acknowledged in acknowledgements section,3.0
2796,2026,2026_468,Acknowledged in acknowledgements section,1.0
2798,2026,2026_470,Acknowledged in acknowledgements section,5.0
2800,2026,2026_472,Acknowledged in acknowledgements section,3.0
2802,2026,2026_474,Acknowledged in acknowledgements section,1.0
2803,2026,2026_475,Acknowledged in acknowledgements section,3.0
2804,2026,2026_476,Acknowledged in acknowledgements section,3.0
2807,2026,2026_479,Acknowledged in acknowledgements section,3.0
2809,2026,2026_481,Acknowledged in acknowledgements section,3.0
2810,2026,2026_482,Acknowledged in acknowledgements section,2.0
2811,2026,2026_483,Acknowledged in acknowledgements section,3.0
2814,2026,2026_486,Acknowledged in acknowledgements section,2.0
2815,2026,2026_487,Acknowledged in acknowledgements section,1.0
2816,2026,2026_488,Acknowledged in acknowledgements section,5.0
2817,2026,2026_489,Acknowledged in acknowledgements section,4.0
2822,2026,2026_494,Acknowledged in acknowledgements section,3.0
2826,2026,2026_498,Acknowledged in acknowledgements section,5.0
2831,2026,2026_503,Acknowledged in acknowledgements section,4.0
2832,2026,2026_504,Acknowledged in acknowledgements section,3.0
2838,2026,2026_510,Acknowledged in acknowledgements section,2.0
2839,2026,2026_511,Acknowledged in acknowledgements section,2.0
2842,2026,2026_514,Acknowledged in acknowledgements section,3.0
2844,2026,2026_516,Acknowledged in acknowledgements section,3.0
2845,2026,2026_517,Acknowledged in acknowledgements section,3.0
2848,2026,2026_520,Acknowledged in acknowledgements section,4.0
2849,2026,2026_521,Acknowledged in acknowledgements section,3.0
2850,2026,2026_522,Acknowledged in acknowledgements section,4.0
2859,2026,2026_531,Acknowledged in acknowledgements section,3.0
2861,2026,2026_533,Acknowledged in acknowledgements section,3.0
2862,2026,2026_534,Acknowledged in acknowledgements section,4.0
2865,2026,2026_537,Acknowledged in acknowledgements section,3.0
2867,2026,2026_539,Acknowledged in acknowledgements section,2.0
2869,2026,2026_541,Acknowledged in acknowledgements section,2.0
2870,2026,2026_542,Acknowledged in acknowledgements section,2.0
2872,2026,2026_544,Acknowledged in acknowledgements section,5.0
2873,2026,2026_545,Acknowledged in acknowledgements section,1.0
2874,2026,2026_546,Acknowledged in acknowledgements section,4.0
2875,2026,2026_547,Acknowledged in acknowledgements section,3.0
2877,2026,2026_549,Acknowledged in acknowledgements section,3.0
2878,2026,2026_550,Acknowledged in acknowledgements section,1.0
2880,2026,2026_552,Acknowledged in acknowledgements section,2.0
2881,2026,2026_553,Acknowledged in acknowledgements section,3.0
2882,2026,2026_554,Acknowledged in acknowledgements section,3.0
2885,2026,2026_557,Acknowledged in acknowledgements section,3.0
2886,2026,2026_558,Acknowledged in acknowledgements section,5.0
2890,2026,2026_562,Acknowledged in acknowledgements section,2.0
2898,2026,2026_570,Acknowledged in acknowledgements section,3.0
2899,2026,2026_571,Acknowledged in acknowledgements section,4.0
2905,2026,2026_577,Acknowledged in acknowledgements section,1.0
2910,2026,2026_582,Acknowledged in acknowledgements section,3.0
2912,2026,2026_584,Acknowledged in acknowledgements section,4.0
2917,2026,2026_589,Acknowledged in acknowledgements section,3.0
2918,2026,2026_590,Acknowledged in acknowledgements section,1.0
2921,2026,2026_593,Acknowledged in acknowledgements section,3.0
2924,2026,2026_596,Acknowledged in acknowledgements section,1.0
2928,2026,2026_600,Acknowledged in acknowledgements section,2.0
2931,2026,2026_603,Acknowledged in acknowledgements section,2.0
2932,2026,2026_604,Acknowledged in acknowledgements section,3.0
2934,2026,2026_606,Acknowledged in acknowledgements section,3.0
2940,2026,2026_612,Acknowledged in acknowledgements section,3.0
2944,2026,2026_616,Acknowledged in acknowledgements section,3.0
2945,2026,2026_617,Acknowledged in acknowledgements section,3.0
2949,2026,2026_621,Acknowledged in acknowledgements section,2.0
2950,2026,2026_622,Acknowledged in acknowledgements section,5.0
2956,2026,2026_628,Acknowledged in acknowledgements section,3.0
2957,2026,2026_629,Acknowledged in acknowledgements section,2.0
2964,2026,2026_636,Acknowledged in acknowledgements section,1.0
2972,2026,2026_644,Acknowledged in acknowledgements section,3.0
2973,2026,2026_645,Acknowledged in acknowledgements section,5.0
2977,2026,2026_649,Acknowledged in acknowledgements section,1.0
2980,2026,2026_652,Acknowledged in acknowledgements section,2.0
2981,2026,2026_653,Acknowledged in acknowledgements section,3.0
2982,2026,2026_654,Acknowledged in acknowledgements section,3.0
2983,2026,2026_655,Acknowledged in acknowledgements section,1.0
2985,2026,2026_657,Acknowledged in acknowledgements section,5.0
2990,2026,2026_662,Acknowledged in acknowledgements section,5.0
2991,2026,2026_663,Acknowledged in acknowledgements section,5.0
2992,2026,2026_664,Acknowledged in acknowledgements section,1.0
2994,2026,2026_666,Acknowledged in acknowledgements section,4.0
2996,2026,2026_668,Acknowledged in acknowledgements section,3.0
3000,2026,2026_672,Acknowledged in acknowledgements section,5.0
3003,2026,2026_675,Acknowledged in acknowledgements section,3.0
3005,2026,2026_677,Acknowledged in acknowledgements section,3.0
3006,2026,2026_678,Acknowledged in acknowledgements section,3.0
3008,2026,2026_680,Acknowledged in acknowledgements section,3.0
3012,2026,2026_684,Acknowledged in acknowledgements section,3.0
3013,2026,2026_685,Acknowledged in acknowledgements section,5.0
3016,2026,2026_688,Acknowledged in acknowledgements section,3.0
3017,2026,2026_689,Acknowledged in acknowledgements section,1.0
3019,2026,2026_691,Acknowledged in acknowledgements section,3.0
3020,2026,2026_692,Acknowledged in acknowledgements section,4.0
3022,2026,2026_694,Acknowledged in acknowledgements section,5.0
3024,2026,2026_696,Acknowledged in acknowledgements section,4.0
3025,2026,2026_697,Acknowledged in acknowledgements section,5.0
3026,2026,2026_698,Acknowledged in acknowledgements section,3.0
3028,2026,2026_700,Acknowledged in acknowledgements section,3.0
3029,2026,2026_701,Acknowledged in acknowledgements section,3.0
3032,2026,2026_704,Acknowledged in acknowledgements section,3.0
3039,2026,2026_711,Acknowledged in acknowledgements section,2.0
3041,2026,2026_713,Acknowledged in acknowledgements section,1.0
3044,2026,2026_716,Acknowledged in acknowledgements section,1.0
3046,2026,2026_718,Acknowledged in acknowledgements section,4.0
3049,2026,2026_721,Acknowledged in acknowledgements section,1.0
3051,2026,2026_723,Acknowledged in acknowledgements section,2.0
3052,2026,2026_724,Acknowledged in acknowledgements section,3.0
3058,2026,2026_730,Acknowledged in acknowledgements section,3.0
3059,2026,2026_731,Acknowledged in acknowledgements section,2.0
3060,2026,2026_732,Acknowledged in acknowledgements section,1.0
3064,2026,2026_736,Acknowledged in acknowledgements section,4.0
3069,2026,2026_741,Acknowledged in acknowledgements section,3.0
3072,2026,2026_744,Acknowledged in acknowledgements section,5.0
3074,2026,2026_746,Acknowledged in acknowledgements section,3.0
3075,2026,2026_747,Acknowledged in acknowledgements section,2.0
3076,2026,2026_748,Acknowledged in acknowledgements section,1.0
3077,2026,2026_749,Acknowledged in acknowledgements section,2.0
3078,2026,2026_750,Acknowledged in acknowledgements section,1.0
3079,2026,2026_751,Acknowledged in acknowledgements section,1.0
3086,2026,2026_758,Acknowledged in acknowledgements section,1.0
3089,2026,2026_761,Acknowledged in acknowledgements section,3.0
3090,2026,2026_762,Acknowledged in acknowledgements section,1.0
3093,2026,2026_765,Acknowledged in acknowledgements section,1.0
3096,2026,2026_768,Acknowledged in acknowledgements section,1.0
3098,2026,2026_770,Acknowledged in acknowledgements section,3.0
3104,2026,2026_776,Acknowledged in acknowledgements section,2.0
3107,2026,2026_779,Acknowledged in acknowledgements section,3.0
3109,2026,2026_781,Acknowledged in acknowledgements section,4.0
3110,2026,2026_782,Acknowledged in acknowledgements section,4.0
3112,2026,2026_784,Acknowledged in acknowledgements section,3.0
3113,2026,2026_785,Acknowledged in acknowledgements section,4.0
3114,2026,2026_786,Acknowledged in acknowledgements section,3.0
3115,2026,2026_787,Acknowledged in acknowledgements section,3.0
3116,2026,2026_788,Acknowledged in acknowledgements section,3.0
3130,2026,2026_802,Acknowledged in acknowledgements section,3.0
3132,2026,2026_804,Acknowledged in acknowledgements section,3.0
3134,2026,2026_806,Acknowledged in acknowledgements section,2.0
3139,2026,2026_811,Acknowledged in acknowledgements section,3.0
3140,2026,2026_812,Acknowledged in acknowledgements section,3.0
3144,2026,2026_816,Acknowledged in acknowledgements section,3.0
3145,2026,2026_817,Acknowledged in acknowledgements section,2.0
3146,2026,2026_818,Acknowledged in acknowledgements section,3.0
3149,2026,2026_821,Acknowledged in acknowledgements section,2.0
3150,2026,2026_822,Acknowledged in acknowledgements section,3.0
3151,2026,2026_823,Acknowledged in acknowledgements section,3.0
3154,2026,2026_826,Acknowledged in acknowledgements section,3.0
3157,2026,2026_829,Acknowledged in acknowledgements section,3.0
3159,2026,2026_831,Acknowledged in acknowledgements section,3.0
3163,2026,2026_835,Acknowledged in acknowledgements section,3.0
3164,2026,2026_836,Acknowledged in acknowledgements section,2.0
3166,2026,2026_838,Acknowledged in acknowledgements section,3.0
3169,2026,2026_841,Acknowledged in acknowledgements section,3.0
3170,2026,2026_842,Acknowledged in acknowledgements section,4.0
3172,2026,2026_844,Acknowledged in acknowledgements section,3.0
3173,2026,2026_845,Acknowledged in acknowledgements section,4.0
3174,2026,2026_846,Acknowledged in acknowledgements section,5.0
3178,2026,2026_850,Acknowledged in acknowledgements section,3.0
3182,2026,2026_854,Acknowledged in acknowledgements section,2.0
3184,2026,2026_856,Acknowledged in acknowledgements section,3.0
3185,2026,2026_857,Acknowledged in acknowledgements section,3.0
3187,2026,2026_859,Acknowledged in acknowledgements section,4.0
3189,2026,2026_861,Acknowledged in acknowledgements section,2.0
3190,2026,2026_862,Acknowledged in acknowledgements section,1.0
3192,2026,2026_864,Acknowledged in acknowledgements section,4.0
3195,2026,2026_867,Acknowledged in acknowledgements section,1.0
3196,2026,2026_868,Acknowledged in acknowledgements section,3.0
3197,2026,2026_869,Acknowledged in acknowledgements section,1.0
3198,2026,2026_870,Acknowledged in acknowledgements section,2.0
3199,2026,2026_871,Acknowledged in acknowledgements section,1.0
3201,2026,2026_873,Acknowledged in acknowledgements section,1.0
3202,2026,2026_874,Acknowledged in acknowledgements section,4.0
3203,2026,2026_875,Acknowledged in acknowledgements section,1.0
3205,2026,2026_877,Acknowledged in acknowledgements section,2.0
3206,2026,2026_878,Acknowledged in acknowledgements section,1.0
3208,2026,2026_880,Acknowledged in acknowledgements section,3.0
3209,2026,2026_881,Acknowledged in acknowledgements section,3.0
3210,2026,2026_882,Acknowledged in acknowledgements section,1.0
3211,2026,2026_883,Acknowledged in acknowledgements section,2.0
3212,2026,2026_884,Acknowledged in acknowledgements section,5.0
3213,2026,2026_885,Acknowledged in acknowledgements section,3.0
3215,2026,2026_887,Acknowledged in acknowledgements section,3.0
3219,2026,2026_891,Acknowledged in acknowledgements section,3.0
3220,2026,2026_892,Acknowledged in acknowledgements section,3.0
3221,2026,2026_893,Acknowledged in acknowledgements section,5.0
3222,2026,2026_894,Acknowledged in acknowledgements section,1.0
3223,2026,2026_895,Acknowledged in acknowledgements section,3.0
3224,2026,2026_896,Acknowledged in acknowledgements section,3.0
3225,2026,2026_897,Acknowledged in acknowledgements section,1.0
3226,2026,2026_898,Acknowledged in acknowledgements section,3.0
3229,2026,2026_901,Acknowledged in acknowledgements section,2.0
3230,2026,2026_902,Acknowledged in acknowledgements section,3.0
3231,2026,2026_903,Acknowledged in acknowledgements section,1.0
3233,2026,2026_905,Acknowledged in acknowledgements section,3.0
3234,2026,2026_906,Acknowledged in acknowledgements section,1.0
3235,2026,2026_907,Acknowledged in acknowledgements section,4.0
3237,2026,2026_909,Acknowledged in acknowledgements section,2.0
3248,2026,2026_920,Acknowledged in acknowledgements section,3.0
3252,2026,2026_924,Acknowledged in acknowledgements section,2.0
3253,2026,2026_925,Acknowledged in acknowledgements section,1.0
3254,2026,2026_926,Acknowledged in acknowledgements section,1.0
3255,2026,2026_927,Acknowledged in acknowledgements section,1.0
3256,2026,2026_928,Acknowledged in acknowledgements section,2.0
3257,2026,2026_929,Acknowledged in acknowledgements section,3.0
3258,2026,2026_930,Acknowledged in acknowledgements section,3.0
3259,2026,2026_931,Acknowledged in acknowledgements section,3.0
3260,2026,2026_932,Acknowledged in acknowledgements section,3.0
3262,2026,2026_934,Acknowledged in acknowledgements section,3.0
3265,2026,2026_937,Acknowledged in acknowledgements section,1.0
3268,2026,2026_940,Acknowledged in acknowledgements section,4.0
3270,2026,2026_942,Acknowledged in acknowledgements section,3.0
3272,2026,2026_944,Acknowledged in acknowledgements section,4.0
3275,2026,2026_947,Acknowledged in acknowledgements section,4.0
3276,2026,2026_948,Acknowledged in acknowledgements section,4.0
3277,2026,2026_949,Acknowledged in acknowledgements section,3.0
3279,2026,2026_951,Acknowledged in acknowledgements section,1.0
3281,2026,2026_953,Acknowledged in acknowledgements section,1.0
3282,2026,2026_954,Acknowledged in acknowledgements section,3.0
3284,2026,2026_956,Acknowledged in acknowledgements section,1.0
3287,2026,2026_959,Acknowledged in acknowledgements section,3.0
3288,2026,2026_960,Acknowledged in acknowledgements section,1.0
3292,2026,2026_964,Acknowledged in acknowledgements section,2.0
3297,2026,2026_969,Acknowledged in acknowledgements section,3.0
3299,2026,2026_971,Acknowledged in acknowledgements section,5.0
3306,2026,2026_978,Acknowledged in acknowledgements section,1.0
3307,2026,2026_979,Acknowledged in acknowledgements section,3.0
3308,2026,2026_980,Acknowledged in acknowledgements section,3.0
3310,2026,2026_982,Acknowledged in acknowledgements section,3.0
3314,2026,2026_986,Acknowledged in acknowledgements section,3.0
3315,2026,2026_987,Acknowledged in acknowledgements section,3.0
3319,2026,2026_991,Acknowledged in acknowledgements section,1.0
3329,2026,2026_1001,Acknowledged in acknowledgements section,3.0
3330,2026,2026_1002,Acknowledged in acknowledgements section,3.0
3335,2026,2026_1007,Acknowledged in acknowledgements section,4.0
3336,2026,2026_1008,Acknowledged in acknowledgements section,3.0
3337,2026,2026_1009,Acknowledged in acknowledgements section,4.0
3338,2026,2026_1010,Acknowledged in acknowledgements section,3.0
3342,2026,2026_1014,Acknowledged in acknowledgements section,2.0
3346,2026,2026_1018,Acknowledged in acknowledgements section,4.0
3347,2026,2026_1019,Acknowledged in acknowledgements section,3.0
3351,2026,2026_1023,Acknowledged in acknowledgements section,3.0
3356,2026,2026_1028,Acknowledged in acknowledgements section,1.0
3358,2026,2026_1030,Acknowledged in acknowledgements section,1.0
3359,2026,2026_1031,Acknowledged in acknowledgements section,2.0
3362,2026,2026_1034,Acknowledged in acknowledgements section,1.0
3363,2026,2026_1035,Acknowledged in acknowledgements section,1.0
3366,2026,2026_1038,Acknowledged in acknowledgements section,1.0
3368,2026,2026_1040,Acknowledged in acknowledgements section,3.0
3371,2026,2026_1043,Acknowledged in acknowledgements section,1.0
3373,2026,2026_1045,Acknowledged in acknowledgements section,4.0
3374,2026,2026_1046,Acknowledged in acknowledgements section,1.0
3375,2026,2026_1047,Acknowledged in acknowledgements section,3.0
3376,2026,2026_1048,Acknowledged in acknowledgements section,2.0
3378,2026,2026_1050,Acknowledged in acknowledgements section,3.0
3379,2026,2026_1051,Acknowledged in acknowledgements section,4.0
3380,2026,2026_1052,Acknowledged in acknowledgements section,2.0
3383,2026,2026_1055,Acknowledged in acknowledgements section,3.0
3384,2026,2026_1056,Acknowledged in acknowledgements section,3.0
3386,2026,2026_1058,Acknowledged in acknowledgements section,3.0
3393,2026,2026_1065,Acknowledged in acknowledgements section,2.0
3396,2026,2026_1068,Acknowledged in acknowledgements section,3.0
3397,2026,2026_1069,Acknowledged in acknowledgements section,5.0
3398,2026,2026_1070,Acknowledged in acknowledgements section,1.0
3401,2026,2026_1073,Acknowledged in acknowledgements section,4.0
3403,2026,2026_1075,Acknowledged in acknowledgements section,3.0
3407,2026,2026_1079,Acknowledged in acknowledgements section,3.0
3408,2026,2026_1080,Acknowledged in acknowledgements section,3.0
3409,2026,2026_1081,Acknowledged in acknowledgements section,4.0
3411,2026,2026_1083,Acknowledged in acknowledgements section,3.0
3414,2026,2026_1086,Acknowledged in acknowledgements section,1.0
3416,2026,2026_1088,Acknowledged in acknowledgements section,4.0
3419,2026,2026_1091,Acknowledged in acknowledgements section,5.0
3421,2026,2026_1093,Acknowledged in acknowledgements section,1.0
3422,2026,2026_1094,Acknowledged in acknowledgements section,4.0
3427,2026,2026_1099,Acknowledged in acknowledgements section,1.0
3429,2026,2026_1101,Acknowledged in acknowledgements section,3.0
3432,2026,2026_1104,Acknowledged in acknowledgements section,2.0
3434,2026,2026_1106,Acknowledged in acknowledgements section,3.0
3437,2026,2026_1109,Acknowledged in acknowledgements section,3.0
3438,2026,2026_1110,Acknowledged in acknowledgements section,1.0
3440,2026,2026_1112,Acknowledged in acknowledgements section,2.0
3441,2026,2026_1113,Acknowledged in acknowledgements section,2.0
3442,2026,2026_1114,Acknowledged in acknowledgements section,2.0
3443,2026,2026_1115,Acknowledged in acknowledgements section,1.0
3444,2026,2026_1116,Acknowledged in acknowledgements section,1.0
3445,2026,2026_1117,Acknowledged in acknowledgements section,1.0
3449,2026,2026_1121,Acknowledged in acknowledgements section,1.0
3452,2026,2026_1124,Acknowledged in acknowledgements section,3.0
3453,2026,2026_1125,Acknowledged in acknowledgements section,1.0
3454,2026,2026_1126,Acknowledged in acknowledgements section,2.0
3455,2026,2026_1127,Acknowledged in acknowledgements section,1.0
3456,2026,2026_1128,Acknowledged in acknowledgements section,3.0
3457,2026,2026_1129,Acknowledged in acknowledgements section,2.0
3458,2026,2026_1130,Acknowledged in acknowledgements section,3.0
3459,2026,2026_1131,Acknowledged in acknowledgements section,3.0
3460,2026,2026_1132,Acknowledged in acknowledgements section,5.0
3461,2026,2026_1133,Acknowledged in acknowledgements section,3.0
3463,2026,2026_1135,Acknowledged in acknowledgements section,3.0
3464,2026,2026_1136,Acknowledged in acknowledgements section,5.0
3465,2026,2026_1137,Acknowledged in acknowledgements section,3.0
3468,2026,2026_1140,Acknowledged in acknowledgements section,1.0
3469,2026,2026_1141,Acknowledged in acknowledgements section,2.0
3470,2026,2026_1142,Acknowledged in acknowledgements section,3.0
3471,2026,2026_1143,Acknowledged in acknowledgements section,2.0
3475,2026,2026_1147,Acknowledged in acknowledgements section,1.0
3476,2026,2026_1148,Acknowledged in acknowledgements section,3.0
3477,2026,2026_1149,Acknowledged in acknowledgements section,3.0
3480,2026,2026_1152,Acknowledged in acknowledgements section,3.0
3482,2026,2026_1154,Acknowledged in acknowledgements section,3.0
3483,2026,2026_1155,Acknowledged in acknowledgements section,3.0
3484,2026,2026_1156,Acknowledged in acknowledgements section,4.0
3485,2026,2026_1157,Acknowledged in acknowledgements section,1.0
3486,2026,2026_1158,Acknowledged in acknowledgements section,3.0
3487,2026,2026_1159,Acknowledged in acknowledgements section,3.0
3490,2026,2026_1162,Acknowledged in acknowledgements section,4.0
3495,2026,2026_3,Named as co-author,2.0
3500,2026,2026_8,Named as co-author,2.0
3501,2026,2026_9,Named as co-author,5.0
3502,2026,2026_10,Named as co-author,2.0
3503,2026,2026_11,Named as co-author,5.0
3504,2026,2026_12,Named as co-author,1.0
3507,2026,2026_15,Named as co-author,4.0
3508,2026,2026_16,Named as co-author,4.0
3510,2026,2026_18,Named as co-author,5.0
3513,2026,2026_21,Named as co-author,3.0
3515,2026,2026_23,Named as co-author,4.0
3516,2026,2026_24,Named as co-author,5.0
3519,2026,2026_27,Named as co-author,3.0
3521,2026,2026_29,Named as co-author,3.0
3522,2026,2026_30,Named as co-author,3.0
3526,2026,2026_34,Named as co-author,2.0
3527,2026,2026_35,Named as co-author,3.0
3531,2026,2026_39,Named as co-author,4.0
3532,2026,2026_40,Named as co-author,2.0
3533,2026,2026_41,Named as co-author,1.0
3536,2026,2026_44,Named as co-author,5.0
3537,2026,2026_45,Named as co-author,3.0
3538,2026,2026_46,Named as co-author,3.0
3539,2026,2026_47,Named as co-author,1.0
3540,2026,2026_48,Named as co-author,5.0
3541,2026,2026_49,Named as co-author,1.0
3543,2026,2026_51,Named as co-author,5.0
3546,2026,2026_54,Named as co-author,1.0
3548,2026,2026_56,Named as co-author,3.0
3551,2026,2026_59,Named as co-author,3.0
3552,2026,2026_60,Named as co-author,3.0
3553,2026,2026_61,Named as co-author,4.0
3557,2026,2026_65,Named as co-author,2.0
3558,2026,2026_66,Named as co-author,3.0
3559,2026,2026_67,Named as co-author,2.0
3560,2026,2026_68,Named as co-author,5.0
3562,2026,2026_70,Named as co-author,4.0
3573,2026,2026_81,Named as co-author,2.0
3574,2026,2026_82,Named as co-author,4.0
3575,2026,2026_83,Named as co-author,2.0
3576,2026,2026_84,Named as co-author,5.0
3578,2026,2026_86,Named as co-author,3.0
3579,2026,2026_87,Named as co-author,3.0
3580,2026,2026_88,Named as co-author,5.0
3581,2026,2026_89,Named as co-author,3.0
3582,2026,2026_90,Named as co-author,5.0
3584,2026,2026_92,Named as co-author,2.0
3585,2026,2026_93,Named as co-author,3.0
3586,2026,2026_94,Named as co-author,4.0
3589,2026,2026_97,Named as co-author,3.0
3590,2026,2026_98,Named as co-author,3.0
3593,2026,2026_101,Named as co-author,4.0
3594,2026,2026_102,Named as co-author,3.0
3597,2026,2026_105,Named as co-author,2.0
3598,2026,2026_106,Named as co-author,2.0
3599,2026,2026_107,Named as co-author,5.0
3600,2026,2026_108,Named as co-author,4.0
3601,2026,2026_109,Named as co-author,2.0
3602,2026,2026_110,Named as co-author,3.0
3607,2026,2026_115,Named as co-author,4.0
3608,2026,2026_116,Named as co-author,2.0
3609,2026,2026_117,Named as co-author,4.0
3610,2026,2026_118,Named as co-author,3.0
3611,2026,2026_119,Named as co-author,1.0
3613,2026,2026_121,Named as co-author,4.0
3615,2026,2026_123,Named as co-author,3.0
3617,2026,2026_125,Named as co-author,2.0
3620,2026,2026_128,Named as co-author,3.0
3624,2026,2026_132,Named as co-author,3.0
3625,2026,2026_133,Named as co-author,3.0
3626,2026,2026_134,Named as co-author,5.0
3627,2026,2026_135,Named as co-author,4.0
3628,2026,2026_136,Named as co-author,4.0
3632,2026,2026_140,Named as co-author,3.0
3634,2026,2026_142,Named as co-author,4.0
3636,2026,2026_144,Named as co-author,3.0
3637,2026,2026_145,Named as co-author,3.0
3638,2026,2026_146,Named as co-author,5.0
3639,2026,2026_147,Named as co-author,3.0
3640,2026,2026_148,Named as co-author,4.0
3641,2026,2026_149,Named as co-author,3.0
3642,2026,2026_150,Named as co-author,4.0
3645,2026,2026_153,Named as co-author,3.0
3646,2026,2026_154,Named as co-author,5.0
3655,2026,2026_163,Named as co-author,3.0
3656,2026,2026_164,Named as co-author,3.0
3659,2026,2026_167,Named as co-author,4.0
3660,2026,2026_168,Named as co-author,3.0
3661,2026,2026_169,Named as co-author,3.0
3662,2026,2026_170,Named as co-author,3.0
3668,2026,2026_176,Named as co-author,4.0
3669,2026,2026_177,Named as co-author,4.0
3672,2026,2026_180,Named as co-author,3.0
3673,2026,2026_181,Named as co-author,1.0
3675,2026,2026_183,Named as co-author,5.0
3677,2026,2026_185,Named as co-author,3.0
3679,2026,2026_187,Named as co-author,4.0
3680,2026,2026_188,Named as co-author,3.0
3683,2026,2026_191,Named as co-author,4.0
3684,2026,2026_192,Named as co-author,2.0
3685,2026,2026_193,Named as co-author,3.0
3686,2026,2026_194,Named as co-author,1.0
3687,2026,2026_195,Named as co-author,1.0
3688,2026,2026_196,Named as co-author,4.0
3689,2026,2026_197,Named as co-author,3.0
3690,2026,2026_198,Named as co-author,3.0
3692,2026,2026_200,Named as co-author,1.0
3694,2026,2026_202,Named as co-author,3.0
3695,2026,2026_203,Named as co-author,3.0
3697,2026,2026_205,Named as co-author,5.0
3698,2026,2026_206,Named as co-author,3.0
3701,2026,2026_209,Named as co-author,5.0
3702,2026,2026_210,Named as co-author,5.0
3703,2026,2026_211,Named as co-author,1.0
3704,2026,2026_212,Named as co-author,4.0
3706,2026,2026_214,Named as co-author,1.0
3707,2026,2026_215,Named as co-author,3.0
3708,2026,2026_216,Named as co-author,4.0
3709,2026,2026_217,Named as co-author,4.0
3710,2026,2026_218,Named as co-author,3.0
3711,2026,2026_219,Named as co-author,2.0
3712,2026,2026_220,Named as co-author,4.0
3713,2026,2026_221,Named as co-author,1.0
3714,2026,2026_222,Named as co-author,2.0
3715,2026,2026_223,Named as co-author,3.0
3716,2026,2026_224,Named as co-author,2.0
3719,2026,2026_227,Named as co-author,5.0
3720,2026,2026_228,Named as co-author,2.0
3721,2026,2026_229,Named as co-author,4.0
3723,2026,2026_231,Named as co-author,3.0
3724,2026,2026_232,Named as co-author,1.0
3728,2026,2026_236,Named as co-author,3.0
3730,2026,2026_238,Named as co-author,3.0
3732,2026,2026_240,Named as co-author,3.0
3733,2026,2026_241,Named as co-author,5.0
3735,2026,2026_243,Named as co-author,3.0
3736,2026,2026_244,Named as co-author,3.0
3738,2026,2026_246,Named as co-author,4.0
3739,2026,2026_247,Named as co-author,4.0
3740,2026,2026_248,Named as co-author,3.0
3741,2026,2026_249,Named as co-author,3.0
3742,2026,2026_250,Named as co-author,1.0
3745,2026,2026_253,Named as co-author,2.0
3749,2026,2026_257,Named as co-author,3.0
3751,2026,2026_259,Named as co-author,3.0
3752,2026,2026_260,Named as co-author,3.0
3754,2026,2026_262,Named as co-author,3.0
3758,2026,2026_266,Named as co-author,4.0
3762,2026,2026_270,Named as co-author,3.0
3764,2026,2026_272,Named as co-author,5.0
3765,2026,2026_273,Named as co-author,5.0
3767,2026,2026_275,Named as co-author,1.0
3769,2026,2026_277,Named as co-author,1.0
3771,2026,2026_279,Named as co-author,4.0
3773,2026,2026_281,Named as co-author,4.0
3774,2026,2026_282,Named as co-author,1.0
3776,2026,2026_284,Named as co-author,4.0
3777,2026,2026_285,Named as co-author,3.0
3778,2026,2026_286,Named as co-author,3.0
3781,2026,2026_289,Named as co-author,5.0
3782,2026,2026_290,Named as co-author,4.0
3783,2026,2026_291,Named as co-author,4.0
3787,2026,2026_295,Named as co-author,3.0
3788,2026,2026_296,Named as co-author,4.0
3789,2026,2026_297,Named as co-author,3.0
3791,2026,2026_299,Named as co-author,5.0
3794,2026,2026_302,Named as co-author,3.0
3798,2026,2026_306,Named as co-author,3.0
3799,2026,2026_307,Named as co-author,3.0
3801,2026,2026_309,Named as co-author,5.0
3803,2026,2026_311,Named as co-author,3.0
3804,2026,2026_312,Named as co-author,4.0
3807,2026,2026_315,Named as co-author,1.0
3808,2026,2026_316,Named as co-author,5.0
3809,2026,2026_317,Named as co-author,3.0
3811,2026,2026_319,Named as co-author,2.0
3812,2026,2026_320,Named as co-author,1.0
3814,2026,2026_322,Named as co-author,1.0
3817,2026,2026_325,Named as co-author,3.0
3818,2026,2026_326,Named as co-author,3.0
3820,2026,2026_328,Named as co-author,1.0
3822,2026,2026_330,Named as co-author,5.0
3823,2026,2026_331,Named as co-author,1.0
3826,2026,2026_334,Named as co-author,1.0
3828,2026,2026_336,Named as co-author,4.0
3832,2026,2026_340,Named as co-author,3.0
3833,2026,2026_341,Named as co-author,2.0
3834,2026,2026_342,Named as co-author,5.0
3835,2026,2026_343,Named as co-author,2.0
3836,2026,2026_344,Named as co-author,5.0
3838,2026,2026_346,Named as co-author,1.0
3841,2026,2026_349,Named as co-author,3.0
3843,2026,2026_351,Named as co-author,3.0
3847,2026,2026_355,Named as co-author,1.0
3848,2026,2026_356,Named as co-author,1.0
3849,2026,2026_357,Named as co-author,4.0
3850,2026,2026_358,Named as co-author,3.0
3851,2026,2026_359,Named as co-author,4.0
3852,2026,2026_360,Named as co-author,3.0
3856,2026,2026_364,Named as co-author,3.0
3857,2026,2026_365,Named as co-author,2.0
3858,2026,2026_366,Named as co-author,1.0
3859,2026,2026_367,Named as co-author,3.0
3864,2026,2026_372,Named as co-author,2.0
3865,2026,2026_373,Named as co-author,3.0
3868,2026,2026_376,Named as co-author,1.0
3869,2026,2026_377,Named as co-author,3.0
3870,2026,2026_378,Named as co-author,4.0
3873,2026,2026_381,Named as co-author,3.0
3874,2026,2026_382,Named as co-author,5.0
3877,2026,2026_385,Named as co-author,4.0
3878,2026,2026_386,Named as co-author,5.0
3879,2026,2026_387,Named as co-author,2.0
3881,2026,2026_389,Named as co-author,5.0
3882,2026,2026_390,Named as co-author,3.0
3883,2026,2026_391,Named as co-author,1.0
3885,2026,2026_393,Named as co-author,3.0
3886,2026,2026_394,Named as co-author,1.0
3887,2026,2026_395,Named as co-author,2.0
3888,2026,2026_396,Named as co-author,1.0
3889,2026,2026_397,Named as co-author,3.0
3895,2026,2026_403,Named as co-author,5.0
3897,2026,2026_405,Named as co-author,3.0
3900,2026,2026_408,Named as co-author,3.0
3903,2026,2026_411,Named as co-author,1.0
3904,2026,2026_412,Named as co-author,3.0
3905,2026,2026_413,Named as co-author,1.0
3906,2026,2026_414,Named as co-author,5.0
3907,2026,2026_415,Named as co-author,4.0
3910,2026,2026_418,Named as co-author,2.0
3913,2026,2026_421,Named as co-author,1.0
3914,2026,2026_422,Named as co-author,1.0
3916,2026,2026_424,Named as co-author,4.0
3918,2026,2026_426,Named as co-author,2.0
3919,2026,2026_427,Named as co-author,2.0
3922,2026,2026_430,Named as co-author,1.0
3923,2026,2026_431,Named as co-author,3.0
3925,2026,2026_433,Named as co-author,2.0
3926,2026,2026_434,Named as co-author,1.0
3929,2026,2026_437,Named as co-author,4.0
3932,2026,2026_440,Named as co-author,5.0
3933,2026,2026_441,Named as co-author,4.0
3934,2026,2026_442,Named as co-author,2.0
3937,2026,2026_445,Named as co-author,3.0
3940,2026,2026_448,Named as co-author,5.0
3945,2026,2026_453,Named as co-author,5.0
3947,2026,2026_455,Named as co-author,5.0
3948,2026,2026_456,Named as co-author,2.0
3950,2026,2026_458,Named as co-author,3.0
3951,2026,2026_459,Named as co-author,4.0
3952,2026,2026_460,Named as co-author,3.0
3953,2026,2026_461,Named as co-author,3.0
3958,2026,2026_466,Named as co-author,3.0
3959,2026,2026_467,Named as co-author,5.0
3960,2026,2026_468,Named as co-author,5.0
3962,2026,2026_470,Named as co-author,1.0
3963,2026,2026_471,Named as co-author,4.0
3964,2026,2026_472,Named as co-author,3.0
3966,2026,2026_474,Named as co-author,5.0
3967,2026,2026_475,Named as co-author,1.0
3968,2026,2026_476,Named as co-author,2.0
3970,2026,2026_478,Named as co-author,5.0
3971,2026,2026_479,Named as co-author,3.0
3973,2026,2026_481,Named as co-author,1.0
3974,2026,2026_482,Named as co-author,3.0
3975,2026,2026_483,Named as co-author,4.0
3978,2026,2026_486,Named as co-author,4.0
3979,2026,2026_487,Named as co-author,5.0
3981,2026,2026_489,Named as co-author,2.0
3986,2026,2026_494,Named as co-author,4.0
3990,2026,2026_498,Named as co-author,4.0
3993,2026,2026_501,Named as co-author,5.0
3995,2026,2026_503,Named as co-author,3.0
3996,2026,2026_504,Named as co-author,2.0
4002,2026,2026_510,Named as co-author,4.0
4003,2026,2026_511,Named as co-author,3.0
4006,2026,2026_514,Named as co-author,3.0
4007,2026,2026_515,Named as co-author,5.0
4008,2026,2026_516,Named as co-author,3.0
4009,2026,2026_517,Named as co-author,3.0
4012,2026,2026_520,Named as co-author,4.0
4013,2026,2026_521,Named as co-author,2.0
4014,2026,2026_522,Named as co-author,4.0
4023,2026,2026_531,Named as co-author,3.0
4025,2026,2026_533,Named as co-author,4.0
4026,2026,2026_534,Named as co-author,3.0
4029,2026,2026_537,Named as co-author,3.0
4030,2026,2026_538,Named as co-author,5.0
4031,2026,2026_539,Named as co-author,3.0
4033,2026,2026_541,Named as co-author,3.0
4034,2026,2026_542,Named as co-author,4.0
4036,2026,2026_544,Named as co-author,2.0
4037,2026,2026_545,Named as co-author,3.0
4039,2026,2026_547,Named as co-author,3.0
4041,2026,2026_549,Named as co-author,4.0
4042,2026,2026_550,Named as co-author,4.0
4044,2026,2026_552,Named as co-author,2.0
4045,2026,2026_553,Named as co-author,2.0
4046,2026,2026_554,Named as co-author,3.0
4049,2026,2026_557,Named as co-author,3.0
4050,2026,2026_558,Named as co-author,5.0
4054,2026,2026_562,Named as co-author,3.0
4062,2026,2026_570,Named as co-author,3.0
4063,2026,2026_571,Named as co-author,1.0
4065,2026,2026_573,Named as co-author,4.0
4069,2026,2026_577,Named as co-author,1.0
4072,2026,2026_580,Named as co-author,4.0
4073,2026,2026_581,Named as co-author,5.0
4074,2026,2026_582,Named as co-author,3.0
4076,2026,2026_584,Named as co-author,1.0
4081,2026,2026_589,Named as co-author,4.0
4082,2026,2026_590,Named as co-author,1.0
4085,2026,2026_593,Named as co-author,4.0
4088,2026,2026_596,Named as co-author,1.0
4089,2026,2026_597,Named as co-author,4.0
4092,2026,2026_600,Named as co-author,4.0
4095,2026,2026_603,Named as co-author,2.0
4096,2026,2026_604,Named as co-author,4.0
4098,2026,2026_606,Named as co-author,3.0
4104,2026,2026_612,Named as co-author,3.0
4108,2026,2026_616,Named as co-author,3.0
4109,2026,2026_617,Named as co-author,4.0
4113,2026,2026_621,Named as co-author,4.0
4114,2026,2026_622,Named as co-author,5.0
4117,2026,2026_625,Named as co-author,5.0
4120,2026,2026_628,Named as co-author,3.0
4121,2026,2026_629,Named as co-author,1.0
4128,2026,2026_636,Named as co-author,5.0
4136,2026,2026_644,Named as co-author,3.0
4137,2026,2026_645,Named as co-author,5.0
4141,2026,2026_649,Named as co-author,3.0
4144,2026,2026_652,Named as co-author,3.0
4145,2026,2026_653,Named as co-author,3.0
4146,2026,2026_654,Named as co-author,3.0
4147,2026,2026_655,Named as co-author,3.0
4149,2026,2026_657,Named as co-author,5.0
4154,2026,2026_662,Named as co-author,5.0
4155,2026,2026_663,Named as co-author,5.0
4156,2026,2026_664,Named as co-author,4.0
4158,2026,2026_666,Named as co-author,3.0
4160,2026,2026_668,Named as co-author,4.0
4163,2026,2026_671,Named as co-author,5.0
4164,2026,2026_672,Named as co-author,4.0
4166,2026,2026_674,Named as co-author,3.0
4167,2026,2026_675,Named as co-author,4.0
4169,2026,2026_677,Named as co-author,3.0
4170,2026,2026_678,Named as co-author,3.0
4171,2026,2026_679,Named as co-author,5.0
4172,2026,2026_680,Named as co-author,4.0
4176,2026,2026_684,Named as co-author,3.0
4177,2026,2026_685,Named as co-author,3.0
4180,2026,2026_688,Named as co-author,1.0
4181,2026,2026_689,Named as co-author,3.0
4182,2026,2026_690,Named as co-author,5.0
4183,2026,2026_691,Named as co-author,3.0
4186,2026,2026_694,Named as co-author,5.0
4188,2026,2026_696,Named as co-author,4.0
4189,2026,2026_697,Named as co-author,3.0
4190,2026,2026_698,Named as co-author,3.0
4192,2026,2026_700,Named as co-author,3.0
4193,2026,2026_701,Named as co-author,3.0
4196,2026,2026_704,Named as co-author,2.0
4197,2026,2026_705,Named as co-author,3.0
4199,2026,2026_707,Named as co-author,5.0
4203,2026,2026_711,Named as co-author,4.0
4205,2026,2026_713,Named as co-author,1.0
4207,2026,2026_715,Named as co-author,4.0
4208,2026,2026_716,Named as co-author,3.0
4210,2026,2026_718,Named as co-author,2.0
4211,2026,2026_719,Named as co-author,4.0
4213,2026,2026_721,Named as co-author,1.0
4214,2026,2026_722,Named as co-author,3.0
4215,2026,2026_723,Named as co-author,1.0
4216,2026,2026_724,Named as co-author,3.0
4219,2026,2026_727,Named as co-author,5.0
4222,2026,2026_730,Named as co-author,3.0
4223,2026,2026_731,Named as co-author,4.0
4224,2026,2026_732,Named as co-author,1.0
4228,2026,2026_736,Named as co-author,4.0
4229,2026,2026_737,Named as co-author,5.0
4232,2026,2026_740,Named as co-author,3.0
4233,2026,2026_741,Named as co-author,3.0
4236,2026,2026_744,Named as co-author,5.0
4238,2026,2026_746,Named as co-author,4.0
4239,2026,2026_747,Named as co-author,3.0
4240,2026,2026_748,Named as co-author,1.0
4241,2026,2026_749,Named as co-author,2.0
4242,2026,2026_750,Named as co-author,5.0
4243,2026,2026_751,Named as co-author,3.0
4248,2026,2026_756,Named as co-author,5.0
4250,2026,2026_758,Named as co-author,5.0
4253,2026,2026_761,Named as co-author,4.0
4254,2026,2026_762,Named as co-author,3.0
4257,2026,2026_765,Named as co-author,1.0
4260,2026,2026_768,Named as co-author,3.0
4262,2026,2026_770,Named as co-author,3.0
4265,2026,2026_773,Named as co-author,5.0
4267,2026,2026_775,Named as co-author,4.0
4268,2026,2026_776,Named as co-author,3.0
4271,2026,2026_779,Named as co-author,3.0
4273,2026,2026_781,Named as co-author,3.0
4274,2026,2026_782,Named as co-author,1.0
4276,2026,2026_784,Named as co-author,3.0
4277,2026,2026_785,Named as co-author,3.0
4278,2026,2026_786,Named as co-author,1.0
4279,2026,2026_787,Named as co-author,3.0
4280,2026,2026_788,Named as co-author,3.0
4282,2026,2026_790,Named as co-author,5.0
4283,2026,2026_791,Named as co-author,3.0
4284,2026,2026_792,Named as co-author,5.0
4285,2026,2026_793,Named as co-author,4.0
4289,2026,2026_797,Named as co-author,3.0
4294,2026,2026_802,Named as co-author,3.0
4296,2026,2026_804,Named as co-author,3.0
4302,2026,2026_810,Named as co-author,4.0
4303,2026,2026_811,Named as co-author,5.0
4304,2026,2026_812,Named as co-author,5.0
4308,2026,2026_816,Named as co-author,3.0
4309,2026,2026_817,Named as co-author,3.0
4310,2026,2026_818,Named as co-author,4.0
4312,2026,2026_820,Named as co-author,4.0
4313,2026,2026_821,Named as co-author,4.0
4314,2026,2026_822,Named as co-author,5.0
4315,2026,2026_823,Named as co-author,5.0
4318,2026,2026_826,Named as co-author,3.0
4319,2026,2026_827,Named as co-author,5.0
4321,2026,2026_829,Named as co-author,4.0
4323,2026,2026_831,Named as co-author,1.0
4327,2026,2026_835,Named as co-author,3.0
4328,2026,2026_836,Named as co-author,3.0
4330,2026,2026_838,Named as co-author,3.0
4332,2026,2026_840,Named as co-author,5.0
4333,2026,2026_841,Named as co-author,1.0
4334,2026,2026_842,Named as co-author,3.0
4336,2026,2026_844,Named as co-author,3.0
4337,2026,2026_845,Named as co-author,3.0
4338,2026,2026_846,Named as co-author,2.0
4342,2026,2026_850,Named as co-author,3.0
4346,2026,2026_854,Named as co-author,2.0
4348,2026,2026_856,Named as co-author,2.0
4349,2026,2026_857,Named as co-author,3.0
4351,2026,2026_859,Named as co-author,1.0
4353,2026,2026_861,Named as co-author,4.0
4354,2026,2026_862,Named as co-author,4.0
4356,2026,2026_864,Named as co-author,5.0
4358,2026,2026_866,Named as co-author,5.0
4359,2026,2026_867,Named as co-author,1.0
4360,2026,2026_868,Named as co-author,2.0
4361,2026,2026_869,Named as co-author,4.0
4362,2026,2026_870,Named as co-author,2.0
4363,2026,2026_871,Named as co-author,1.0
4365,2026,2026_873,Named as co-author,5.0
4366,2026,2026_874,Named as co-author,3.0
4367,2026,2026_875,Named as co-author,5.0
4368,2026,2026_876,Named as co-author,5.0
4369,2026,2026_877,Named as co-author,1.0
4370,2026,2026_878,Named as co-author,3.0
4372,2026,2026_880,Named as co-author,3.0
4373,2026,2026_881,Named as co-author,1.0
4374,2026,2026_882,Named as co-author,3.0
4375,2026,2026_883,Named as co-author,2.0
4376,2026,2026_884,Named as co-author,5.0
4377,2026,2026_885,Named as co-author,3.0
4378,2026,2026_886,Named as co-author,5.0
4379,2026,2026_887,Named as co-author,3.0
4383,2026,2026_891,Named as co-author,4.0
4384,2026,2026_892,Named as co-author,3.0
4385,2026,2026_893,Named as co-author,3.0
4386,2026,2026_894,Named as co-author,5.0
4387,2026,2026_895,Named as co-author,3.0
4388,2026,2026_896,Named as co-author,3.0
4389,2026,2026_897,Named as co-author,3.0
4390,2026,2026_898,Named as co-author,4.0
4393,2026,2026_901,Named as co-author,4.0
4394,2026,2026_902,Named as co-author,5.0
4395,2026,2026_903,Named as co-author,1.0
4397,2026,2026_905,Named as co-author,5.0
4398,2026,2026_906,Named as co-author,1.0
4399,2026,2026_907,Named as co-author,2.0
4401,2026,2026_909,Named as co-author,2.0
4402,2026,2026_910,Named as co-author,4.0
4412,2026,2026_920,Named as co-author,3.0
4415,2026,2026_923,Named as co-author,5.0
4416,2026,2026_924,Named as co-author,1.0
4417,2026,2026_925,Named as co-author,5.0
4418,2026,2026_926,Named as co-author,4.0
4419,2026,2026_927,Named as co-author,4.0
4420,2026,2026_928,Named as co-author,1.0
4421,2026,2026_929,Named as co-author,4.0
4422,2026,2026_930,Named as co-author,5.0
4423,2026,2026_931,Named as co-author,1.0
4424,2026,2026_932,Named as co-author,3.0
4426,2026,2026_934,Named as co-author,3.0
4429,2026,2026_937,Named as co-author,1.0
4430,2026,2026_938,Named as co-author,3.0
4432,2026,2026_940,Named as co-author,4.0
4434,2026,2026_942,Named as co-author,4.0
4436,2026,2026_944,Named as co-author,2.0
4439,2026,2026_947,Named as co-author,4.0
4440,2026,2026_948,Named as co-author,4.0
4441,2026,2026_949,Named as co-author,4.0
4443,2026,2026_951,Named as co-author,1.0
4445,2026,2026_953,Named as co-author,2.0
4446,2026,2026_954,Named as co-author,3.0
4448,2026,2026_956,Named as co-author,5.0
4451,2026,2026_959,Named as co-author,3.0
4452,2026,2026_960,Named as co-author,4.0
4453,2026,2026_961,Named as co-author,3.0
4456,2026,2026_964,Named as co-author,2.0
4461,2026,2026_969,Named as co-author,3.0
4463,2026,2026_971,Named as co-author,5.0
4465,2026,2026_973,Named as co-author,4.0
4470,2026,2026_978,Named as co-author,1.0
4471,2026,2026_979,Named as co-author,3.0
4472,2026,2026_980,Named as co-author,3.0
4473,2026,2026_981,Named as co-author,4.0
4474,2026,2026_982,Named as co-author,3.0
4478,2026,2026_986,Named as co-author,1.0
4479,2026,2026_987,Named as co-author,3.0
4483,2026,2026_991,Named as co-author,3.0
4492,2026,2026_1000,Named as co-author,4.0
4493,2026,2026_1001,Named as co-author,4.0
4494,2026,2026_1002,Named as co-author,5.0
4499,2026,2026_1007,Named as co-author,4.0
4500,2026,2026_1008,Named as co-author,3.0
4501,2026,2026_1009,Named as co-author,2.0
4502,2026,2026_1010,Named as co-author,3.0
4503,2026,2026_1011,Named as co-author,5.0
4506,2026,2026_1014,Named as co-author,5.0
4508,2026,2026_1016,Named as co-author,5.0
4510,2026,2026_1018,Named as co-author,3.0
4511,2026,2026_1019,Named as co-author,4.0
4515,2026,2026_1023,Named as co-author,1.0
4520,2026,2026_1028,Named as co-author,4.0
4522,2026,2026_1030,Named as co-author,2.0
4523,2026,2026_1031,Named as co-author,1.0
4526,2026,2026_1034,Named as co-author,5.0
4527,2026,2026_1035,Named as co-author,5.0
4528,2026,2026_1036,Named as co-author,5.0
4530,2026,2026_1038,Named as co-author,4.0
4532,2026,2026_1040,Named as co-author,4.0
4535,2026,2026_1043,Named as co-author,4.0
4536,2026,2026_1044,Named as co-author,5.0
4537,2026,2026_1045,Named as co-author,4.0
4538,2026,2026_1046,Named as co-author,2.0
4539,2026,2026_1047,Named as co-author,3.0
4540,2026,2026_1048,Named as co-author,1.0
4542,2026,2026_1050,Named as co-author,4.0
4544,2026,2026_1052,Named as co-author,1.0
4547,2026,2026_1055,Named as co-author,5.0
4550,2026,2026_1058,Named as co-author,3.0
4552,2026,2026_1060,Named as co-author,4.0
4557,2026,2026_1065,Named as co-author,3.0
4560,2026,2026_1068,Named as co-author,2.0
4561,2026,2026_1069,Named as co-author,2.0
4562,2026,2026_1070,Named as co-author,4.0
4563,2026,2026_1071,Named as co-author,4.0
4565,2026,2026_1073,Named as co-author,4.0
4567,2026,2026_1075,Named as co-author,2.0
4568,2026,2026_1076,Named as co-author,5.0
4569,2026,2026_1077,Named as co-author,5.0
4571,2026,2026_1079,Named as co-author,3.0
4572,2026,2026_1080,Named as co-author,3.0
4573,2026,2026_1081,Named as co-author,3.0
4574,2026,2026_1082,Named as co-author,5.0
4575,2026,2026_1083,Named as co-author,3.0
4580,2026,2026_1088,Named as co-author,4.0
4583,2026,2026_1091,Named as co-author,5.0
4585,2026,2026_1093,Named as co-author,1.0
4586,2026,2026_1094,Named as co-author,4.0
4591,2026,2026_1099,Named as co-author,1.0
4593,2026,2026_1101,Named as co-author,3.0
4595,2026,2026_1103,Named as co-author,5.0
4596,2026,2026_1104,Named as co-author,1.0
4598,2026,2026_1106,Named as co-author,3.0
4601,2026,2026_1109,Named as co-author,3.0
4602,2026,2026_1110,Named as co-author,5.0
4604,2026,2026_1112,Named as co-author,4.0
4605,2026,2026_1113,Named as co-author,1.0
4606,2026,2026_1114,Named as co-author,1.0
4607,2026,2026_1115,Named as co-author,1.0
4608,2026,2026_1116,Named as co-author,1.0
4609,2026,2026_1117,Named as co-author,5.0
4611,2026,2026_1119,Named as co-author,3.0
4613,2026,2026_1121,Named as co-author,1.0
4616,2026,2026_1124,Named as co-author,1.0
4617,2026,2026_1125,Named as co-author,4.0
4618,2026,2026_1126,Named as co-author,2.0
4619,2026,2026_1127,Named as co-author,4.0
4620,2026,2026_1128,Named as co-author,4.0
4621,2026,2026_1129,Named as co-author,1.0
4622,2026,2026_1130,Named as co-author,3.0
4623,2026,2026_1131,Named as co-author,3.0
4624,2026,2026_1132,Named as co-author,5.0
4625,2026,2026_1133,Named as co-author,3.0
4627,2026,2026_1135,Named as co-author,3.0
4628,2026,2026_1136,Named as co-author,5.0
4629,2026,2026_1137,Named as co-author,3.0
4630,2026,2026_1138,Named as co-author,3.0
4632,2026,2026_1140,Named as co-author,1.0
4633,2026,2026_1141,Named as co-author,3.0
4634,2026,2026_1142,Named as co-author,3.0
4635,2026,2026_1143,Named as co-author,1.0
4636,2026,2026_1144,Named as co-author,5.0
4639,2026,2026_1147,Named as co-author,1.0
4640,2026,2026_1148,Named as co-author,3.0
4641,2026,2026_1149,Named as co-author,1.0
4642,2026,2026_1150,Named as co-author,4.0
4644,2026,2026_1152,Named as co-author,3.0
4647,2026,2026_1155,Named as co-author,2.0
4648,2026,2026_1156,Named as co-author,4.0
4649,2026,2026_1157,Named as co-author,1.0
4650,2026,2026_1158,Named as co-author,3.0
4651,2026,2026_1159,Named as co-author,2.0
4654,2026,2026_1162,Named as co-author,3.0
4659,2026,2026_3,Named as main author,1.0
4664,2026,2026_8,Named as main author,1.0
4665,2026,2026_9,Named as main author,1.0
4667,2026,2026_11,Named as main author,5.0
4668,2026,2026_12,Named as main author,1.0
4671,2026,2026_15,Named as main author,1.0
4672,2026,2026_16,Named as main author,2.0
4677,2026,2026_21,Named as main author,1.0
4679,2026,2026_23,Named as main author,1.0
4683,2026,2026_27,Named as main author,3.0
4685,2026,2026_29,Named as main author,1.0
4686,2026,2026_30,Named as main author,1.0
4690,2026,2026_34,Named as main author,2.0
4691,2026,2026_35,Named as main author,1.0
4695,2026,2026_39,Named as main author,2.0
4696,2026,2026_40,Named as main author,1.0
4697,2026,2026_41,Named as main author,1.0
4701,2026,2026_45,Named as main author,1.0
4702,2026,2026_46,Named as main author,3.0
4703,2026,2026_47,Named as main author,1.0
4704,2026,2026_48,Named as main author,3.0
4705,2026,2026_49,Named as main author,1.0
4707,2026,2026_51,Named as main author,2.0
4710,2026,2026_54,Named as main author,1.0
4712,2026,2026_56,Named as main author,3.0
4715,2026,2026_59,Named as main author,1.0
4716,2026,2026_60,Named as main author,1.0
4717,2026,2026_61,Named as main author,4.0
4721,2026,2026_65,Named as main author,2.0
4722,2026,2026_66,Named as main author,3.0
4724,2026,2026_68,Named as main author,5.0
4726,2026,2026_70,Named as main author,5.0
4737,2026,2026_81,Named as main author,3.0
4738,2026,2026_82,Named as main author,3.0
4739,2026,2026_83,Named as main author,1.0
4740,2026,2026_84,Named as main author,5.0
4742,2026,2026_86,Named as main author,5.0
4743,2026,2026_87,Named as main author,3.0
4744,2026,2026_88,Named as main author,3.0
4746,2026,2026_90,Named as main author,1.0
4748,2026,2026_92,Named as main author,1.0
4749,2026,2026_93,Named as main author,1.0
4750,2026,2026_94,Named as main author,1.0
4753,2026,2026_97,Named as main author,3.0
4754,2026,2026_98,Named as main author,1.0
4757,2026,2026_101,Named as main author,3.0
4758,2026,2026_102,Named as main author,4.0
4761,2026,2026_105,Named as main author,1.0
4762,2026,2026_106,Named as main author,1.0
4764,2026,2026_108,Named as main author,2.0
4765,2026,2026_109,Named as main author,1.0
4766,2026,2026_110,Named as main author,4.0
4771,2026,2026_115,Named as main author,3.0
4772,2026,2026_116,Named as main author,1.0
4773,2026,2026_117,Named as main author,1.0
4774,2026,2026_118,Named as main author,2.0
4775,2026,2026_119,Named as main author,1.0
4777,2026,2026_121,Named as main author,3.0
4779,2026,2026_123,Named as main author,3.0
4781,2026,2026_125,Named as main author,1.0
4784,2026,2026_128,Named as main author,2.0
4788,2026,2026_132,Named as main author,3.0
4789,2026,2026_133,Named as main author,2.0
4791,2026,2026_135,Named as main author,1.0
4792,2026,2026_136,Named as main author,3.0
4796,2026,2026_140,Named as main author,3.0
4798,2026,2026_142,Named as main author,2.0
4801,2026,2026_145,Named as main author,1.0
4802,2026,2026_146,Named as main author,3.0
4803,2026,2026_147,Named as main author,5.0
4804,2026,2026_148,Named as main author,2.0
4805,2026,2026_149,Named as main author,1.0
4806,2026,2026_150,Named as main author,3.0
4809,2026,2026_153,Named as main author,1.0
4810,2026,2026_154,Named as main author,3.0
4819,2026,2026_163,Named as main author,3.0
4820,2026,2026_164,Named as main author,3.0
4823,2026,2026_167,Named as main author,2.0
4824,2026,2026_168,Named as main author,3.0
4825,2026,2026_169,Named as main author,1.0
4826,2026,2026_170,Named as main author,3.0
4833,2026,2026_177,Named as main author,4.0
4836,2026,2026_180,Named as main author,3.0
4837,2026,2026_181,Named as main author,1.0
4841,2026,2026_185,Named as main author,3.0
4843,2026,2026_187,Named as main author,2.0
4844,2026,2026_188,Named as main author,1.0
4847,2026,2026_191,Named as main author,2.0
4848,2026,2026_192,Named as main author,1.0
4849,2026,2026_193,Named as main author,1.0
4850,2026,2026_194,Named as main author,1.0
4851,2026,2026_195,Named as main author,1.0
4852,2026,2026_196,Named as main author,2.0
4856,2026,2026_200,Named as main author,1.0
4858,2026,2026_202,Named as main author,2.0
4859,2026,2026_203,Named as main author,1.0
4861,2026,2026_205,Named as main author,4.0
4862,2026,2026_206,Named as main author,3.0
4865,2026,2026_209,Named as main author,2.0
4866,2026,2026_210,Named as main author,1.0
4867,2026,2026_211,Named as main author,1.0
4868,2026,2026_212,Named as main author,1.0
4870,2026,2026_214,Named as main author,1.0
4871,2026,2026_215,Named as main author,3.0
4872,2026,2026_216,Named as main author,2.0
4873,2026,2026_217,Named as main author,1.0
4874,2026,2026_218,Named as main author,3.0
4875,2026,2026_219,Named as main author,1.0
4877,2026,2026_221,Named as main author,1.0
4878,2026,2026_222,Named as main author,1.0
4879,2026,2026_223,Named as main author,1.0
4880,2026,2026_224,Named as main author,2.0
4883,2026,2026_227,Named as main author,3.0
4884,2026,2026_228,Named as main author,2.0
4885,2026,2026_229,Named as main author,3.0
4887,2026,2026_231,Named as main author,3.0
4888,2026,2026_232,Named as main author,5.0
4892,2026,2026_236,Named as main author,3.0
4894,2026,2026_238,Named as main author,1.0
4896,2026,2026_240,Named as main author,3.0
4897,2026,2026_241,Named as main author,3.0
4899,2026,2026_243,Named as main author,3.0
4900,2026,2026_244,Named as main author,3.0
4902,2026,2026_246,Named as main author,2.0
4903,2026,2026_247,Named as main author,3.0
4904,2026,2026_248,Named as main author,1.0
4905,2026,2026_249,Named as main author,2.0
4906,2026,2026_250,Named as main author,1.0
4913,2026,2026_257,Named as main author,2.0
4915,2026,2026_259,Named as main author,1.0
4916,2026,2026_260,Named as main author,2.0
4918,2026,2026_262,Named as main author,3.0
4922,2026,2026_266,Named as main author,2.0
4928,2026,2026_272,Named as main author,3.0
4929,2026,2026_273,Named as main author,3.0
4931,2026,2026_275,Named as main author,1.0
4933,2026,2026_277,Named as main author,1.0
4935,2026,2026_279,Named as main author,2.0
4937,2026,2026_281,Named as main author,3.0
4938,2026,2026_282,Named as main author,1.0
4940,2026,2026_284,Named as main author,4.0
4941,2026,2026_285,Named as main author,1.0
4942,2026,2026_286,Named as main author,1.0
4945,2026,2026_289,Named as main author,1.0
4946,2026,2026_290,Named as main author,1.0
4951,2026,2026_295,Named as main author,3.0
4953,2026,2026_297,Named as main author,4.0
4955,2026,2026_299,Named as main author,5.0
4958,2026,2026_302,Named as main author,3.0
4961,2026,2026_305,Named as main author,5.0
4962,2026,2026_306,Named as main author,2.0
4963,2026,2026_307,Named as main author,2.0
4965,2026,2026_309,Named as main author,5.0
4967,2026,2026_311,Named as main author,1.0
4971,2026,2026_315,Named as main author,1.0
4972,2026,2026_316,Named as main author,1.0
4973,2026,2026_317,Named as main author,1.0
4975,2026,2026_319,Named as main author,1.0
4976,2026,2026_320,Named as main author,1.0
4978,2026,2026_322,Named as main author,1.0
4981,2026,2026_325,Named as main author,1.0
4982,2026,2026_326,Named as main author,1.0
4984,2026,2026_328,Named as main author,1.0
4987,2026,2026_331,Named as main author,1.0
4990,2026,2026_334,Named as main author,1.0
4992,2026,2026_336,Named as main author,4.0
4996,2026,2026_340,Named as main author,3.0
4997,2026,2026_341,Named as main author,1.0
4998,2026,2026_342,Named as main author,2.0
4999,2026,2026_343,Named as main author,1.0
5000,2026,2026_344,Named as main author,5.0
5002,2026,2026_346,Named as main author,1.0
5005,2026,2026_349,Named as main author,1.0
5007,2026,2026_351,Named as main author,2.0
5011,2026,2026_355,Named as main author,1.0
5012,2026,2026_356,Named as main author,1.0
5013,2026,2026_357,Named as main author,1.0
5014,2026,2026_358,Named as main author,1.0
5015,2026,2026_359,Named as main author,3.0
5016,2026,2026_360,Named as main author,3.0
5019,2026,2026_363,Named as main author,3.0
5020,2026,2026_364,Named as main author,3.0
5021,2026,2026_365,Named as main author,2.0
5022,2026,2026_366,Named as main author,1.0
5023,2026,2026_367,Named as main author,2.0
5028,2026,2026_372,Named as main author,1.0
5029,2026,2026_373,Named as main author,1.0
5032,2026,2026_376,Named as main author,1.0
5033,2026,2026_377,Named as main author,3.0
5034,2026,2026_378,Named as main author,3.0
5037,2026,2026_381,Named as main author,1.0
5038,2026,2026_382,Named as main author,1.0
5041,2026,2026_385,Named as main author,1.0
5042,2026,2026_386,Named as main author,5.0
5043,2026,2026_387,Named as main author,1.0
5045,2026,2026_389,Named as main author,3.0
5046,2026,2026_390,Named as main author,1.0
5047,2026,2026_391,Named as main author,1.0
5049,2026,2026_393,Named as main author,2.0
5050,2026,2026_394,Named as main author,1.0
5051,2026,2026_395,Named as main author,2.0
5052,2026,2026_396,Named as main author,1.0
5053,2026,2026_397,Named as main author,5.0
5059,2026,2026_403,Named as main author,2.0
5061,2026,2026_405,Named as main author,3.0
5064,2026,2026_408,Named as main author,1.0
5067,2026,2026_411,Named as main author,1.0
5068,2026,2026_412,Named as main author,1.0
5069,2026,2026_413,Named as main author,1.0
5070,2026,2026_414,Named as main author,3.0
5071,2026,2026_415,Named as main author,4.0
5074,2026,2026_418,Named as main author,1.0
5077,2026,2026_421,Named as main author,1.0
5078,2026,2026_422,Named as main author,1.0
5082,2026,2026_426,Named as main author,1.0
5086,2026,2026_430,Named as main author,1.0
5087,2026,2026_431,Named as main author,3.0
5089,2026,2026_433,Named as main author,1.0
5090,2026,2026_434,Named as main author,1.0
5093,2026,2026_437,Named as main author,4.0
5096,2026,2026_440,Named as main author,3.0
5097,2026,2026_441,Named as main author,1.0
5098,2026,2026_442,Named as main author,1.0
5101,2026,2026_445,Named as main author,3.0
5104,2026,2026_448,Named as main author,5.0
5109,2026,2026_453,Named as main author,1.0
5111,2026,2026_455,Named as main author,3.0
5112,2026,2026_456,Named as main author,1.0
5114,2026,2026_458,Named as main author,3.0
5115,2026,2026_459,Named as main author,4.0
5116,2026,2026_460,Named as main author,3.0
5117,2026,2026_461,Named as main author,1.0
5122,2026,2026_466,Named as main author,3.0
5123,2026,2026_467,Named as main author,3.0
5124,2026,2026_468,Named as main author,1.0
5126,2026,2026_470,Named as main author,1.0
5128,2026,2026_472,Named as main author,3.0
5130,2026,2026_474,Named as main author,1.0
5131,2026,2026_475,Named as main author,1.0
5132,2026,2026_476,Named as main author,1.0
5134,2026,2026_478,Named as main author,5.0
5135,2026,2026_479,Named as main author,3.0
5137,2026,2026_481,Named as main author,1.0
5138,2026,2026_482,Named as main author,2.0
5139,2026,2026_483,Named as main author,2.0
5142,2026,2026_486,Named as main author,1.0
5143,2026,2026_487,Named as main author,4.0
5145,2026,2026_489,Named as main author,1.0
5150,2026,2026_494,Named as main author,1.0
5152,2026,2026_496,Named as main author,3.0
5154,2026,2026_498,Named as main author,3.0
5157,2026,2026_501,Named as main author,5.0
5159,2026,2026_503,Named as main author,2.0
5160,2026,2026_504,Named as main author,1.0
5166,2026,2026_510,Named as main author,3.0
5167,2026,2026_511,Named as main author,3.0
5170,2026,2026_514,Named as main author,1.0
5172,2026,2026_516,Named as main author,3.0
5176,2026,2026_520,Named as main author,4.0
5177,2026,2026_521,Named as main author,2.0
5178,2026,2026_522,Named as main author,4.0
5187,2026,2026_531,Named as main author,3.0
5189,2026,2026_533,Named as main author,1.0
5190,2026,2026_534,Named as main author,2.0
5193,2026,2026_537,Named as main author,3.0
5194,2026,2026_538,Named as main author,3.0
5195,2026,2026_539,Named as main author,3.0
5197,2026,2026_541,Named as main author,2.0
5198,2026,2026_542,Named as main author,1.0
5200,2026,2026_544,Named as main author,2.0
5201,2026,2026_545,Named as main author,3.0
5203,2026,2026_547,Named as main author,1.0
5205,2026,2026_549,Named as main author,4.0
5206,2026,2026_550,Named as main author,4.0
5208,2026,2026_552,Named as main author,1.0
5210,2026,2026_554,Named as main author,3.0
5213,2026,2026_557,Named as main author,1.0
5214,2026,2026_558,Named as main author,5.0
5218,2026,2026_562,Named as main author,1.0
5226,2026,2026_570,Named as main author,3.0
5227,2026,2026_571,Named as main author,1.0
5229,2026,2026_573,Named as main author,4.0
5233,2026,2026_577,Named as main author,1.0
5238,2026,2026_582,Named as main author,1.0
5240,2026,2026_584,Named as main author,1.0
5245,2026,2026_589,Named as main author,4.0
5246,2026,2026_590,Named as main author,1.0
5249,2026,2026_593,Named as main author,1.0
5252,2026,2026_596,Named as main author,1.0
5253,2026,2026_597,Named as main author,1.0
5256,2026,2026_600,Named as main author,3.0
5259,2026,2026_603,Named as main author,2.0
5260,2026,2026_604,Named as main author,4.0
5262,2026,2026_606,Named as main author,2.0
5272,2026,2026_616,Named as main author,1.0
5273,2026,2026_617,Named as main author,1.0
5278,2026,2026_622,Named as main author,5.0
5281,2026,2026_625,Named as main author,5.0
5284,2026,2026_628,Named as main author,2.0
5285,2026,2026_629,Named as main author,1.0
5300,2026,2026_644,Named as main author,1.0
5305,2026,2026_649,Named as main author,3.0
5308,2026,2026_652,Named as main author,1.0
5309,2026,2026_653,Named as main author,3.0
5310,2026,2026_654,Named as main author,3.0
5311,2026,2026_655,Named as main author,3.0
5313,2026,2026_657,Named as main author,3.0
5318,2026,2026_662,Named as main author,5.0
5319,2026,2026_663,Named as main author,5.0
5320,2026,2026_664,Named as main author,1.0
5322,2026,2026_666,Named as main author,3.0
5324,2026,2026_668,Named as main author,1.0
5328,2026,2026_672,Named as main author,2.0
5331,2026,2026_675,Named as main author,1.0
5333,2026,2026_677,Named as main author,3.0
5334,2026,2026_678,Named as main author,1.0
5336,2026,2026_680,Named as main author,4.0
5340,2026,2026_684,Named as main author,3.0
5341,2026,2026_685,Named as main author,3.0
5344,2026,2026_688,Named as main author,1.0
5345,2026,2026_689,Named as main author,3.0
5347,2026,2026_691,Named as main author,1.0
5350,2026,2026_694,Named as main author,1.0
5352,2026,2026_696,Named as main author,3.0
5353,2026,2026_697,Named as main author,1.0
5354,2026,2026_698,Named as main author,3.0
5356,2026,2026_700,Named as main author,3.0
5357,2026,2026_701,Named as main author,3.0
5360,2026,2026_704,Named as main author,1.0
5367,2026,2026_711,Named as main author,4.0
5369,2026,2026_713,Named as main author,1.0
5372,2026,2026_716,Named as main author,1.0
5374,2026,2026_718,Named as main author,1.0
5377,2026,2026_721,Named as main author,1.0
5378,2026,2026_722,Named as main author,2.0
5379,2026,2026_723,Named as main author,1.0
5380,2026,2026_724,Named as main author,1.0
5386,2026,2026_730,Named as main author,3.0
5387,2026,2026_731,Named as main author,1.0
5388,2026,2026_732,Named as main author,1.0
5392,2026,2026_736,Named as main author,4.0
5393,2026,2026_737,Named as main author,1.0
5396,2026,2026_740,Named as main author,3.0
5397,2026,2026_741,Named as main author,3.0
5400,2026,2026_744,Named as main author,1.0
5402,2026,2026_746,Named as main author,5.0
5403,2026,2026_747,Named as main author,1.0
5404,2026,2026_748,Named as main author,1.0
5405,2026,2026_749,Named as main author,1.0
5406,2026,2026_750,Named as main author,2.0
5407,2026,2026_751,Named as main author,3.0
5411,2026,2026_755,Named as main author,2.0
5412,2026,2026_756,Named as main author,5.0
5414,2026,2026_758,Named as main author,5.0
5417,2026,2026_761,Named as main author,3.0
5418,2026,2026_762,Named as main author,1.0
5421,2026,2026_765,Named as main author,1.0
5424,2026,2026_768,Named as main author,3.0
5429,2026,2026_773,Named as main author,3.0
5432,2026,2026_776,Named as main author,3.0
5435,2026,2026_779,Named as main author,3.0
5437,2026,2026_781,Named as main author,3.0
5438,2026,2026_782,Named as main author,1.0
5440,2026,2026_784,Named as main author,3.0
5441,2026,2026_785,Named as main author,2.0
5442,2026,2026_786,Named as main author,1.0
5443,2026,2026_787,Named as main author,1.0
5444,2026,2026_788,Named as main author,3.0
5449,2026,2026_793,Named as main author,4.0
5453,2026,2026_797,Named as main author,1.0
5458,2026,2026_802,Named as main author,2.0
5460,2026,2026_804,Named as main author,1.0
5467,2026,2026_811,Named as main author,3.0
5468,2026,2026_812,Named as main author,1.0
5472,2026,2026_816,Named as main author,3.0
5473,2026,2026_817,Named as main author,3.0
5474,2026,2026_818,Named as main author,5.0
5477,2026,2026_821,Named as main author,2.0
5478,2026,2026_822,Named as main author,3.0
5479,2026,2026_823,Named as main author,3.0
5482,2026,2026_826,Named as main author,1.0
5483,2026,2026_827,Named as main author,3.0
5485,2026,2026_829,Named as main author,1.0
5487,2026,2026_831,Named as main author,1.0
5492,2026,2026_836,Named as main author,2.0
5494,2026,2026_838,Named as main author,3.0
5497,2026,2026_841,Named as main author,5.0
5498,2026,2026_842,Named as main author,1.0
5500,2026,2026_844,Named as main author,1.0
5501,2026,2026_845,Named as main author,2.0
5502,2026,2026_846,Named as main author,1.0
5506,2026,2026_850,Named as main author,3.0
5510,2026,2026_854,Named as main author,1.0
5512,2026,2026_856,Named as main author,1.0
5513,2026,2026_857,Named as main author,3.0
5515,2026,2026_859,Named as main author,1.0
5520,2026,2026_864,Named as main author,5.0
5523,2026,2026_867,Named as main author,1.0
5524,2026,2026_868,Named as main author,1.0
5525,2026,2026_869,Named as main author,1.0
5526,2026,2026_870,Named as main author,2.0
5527,2026,2026_871,Named as main author,1.0
5529,2026,2026_873,Named as main author,3.0
5530,2026,2026_874,Named as main author,1.0
5531,2026,2026_875,Named as main author,1.0
5533,2026,2026_877,Named as main author,1.0
5534,2026,2026_878,Named as main author,1.0
5536,2026,2026_880,Named as main author,3.0
5537,2026,2026_881,Named as main author,1.0
5538,2026,2026_882,Named as main author,3.0
5540,2026,2026_884,Named as main author,5.0
5541,2026,2026_885,Named as main author,3.0
5542,2026,2026_886,Named as main author,5.0
5543,2026,2026_887,Named as main author,1.0
5547,2026,2026_891,Named as main author,1.0
5548,2026,2026_892,Named as main author,3.0
5549,2026,2026_893,Named as main author,1.0
5550,2026,2026_894,Named as main author,3.0
5551,2026,2026_895,Named as main author,3.0
5552,2026,2026_896,Named as main author,2.0
5553,2026,2026_897,Named as main author,1.0
5554,2026,2026_898,Named as main author,1.0
5557,2026,2026_901,Named as main author,4.0
5558,2026,2026_902,Named as main author,1.0
5559,2026,2026_903,Named as main author,1.0
5561,2026,2026_905,Named as main author,3.0
5562,2026,2026_906,Named as main author,1.0
5563,2026,2026_907,Named as main author,2.0
5565,2026,2026_909,Named as main author,1.0
5576,2026,2026_920,Named as main author,1.0
5579,2026,2026_923,Named as main author,3.0
5580,2026,2026_924,Named as main author,1.0
5581,2026,2026_925,Named as main author,4.0
5582,2026,2026_926,Named as main author,4.0
5583,2026,2026_927,Named as main author,2.0
5584,2026,2026_928,Named as main author,1.0
5585,2026,2026_929,Named as main author,1.0
5586,2026,2026_930,Named as main author,3.0
5587,2026,2026_931,Named as main author,1.0
5588,2026,2026_932,Named as main author,1.0
5590,2026,2026_934,Named as main author,1.0
5593,2026,2026_937,Named as main author,1.0
5596,2026,2026_940,Named as main author,4.0
5598,2026,2026_942,Named as main author,3.0
5600,2026,2026_944,Named as main author,1.0
5603,2026,2026_947,Named as main author,1.0
5605,2026,2026_949,Named as main author,1.0
5607,2026,2026_951,Named as main author,1.0
5609,2026,2026_953,Named as main author,2.0
5610,2026,2026_954,Named as main author,1.0
5612,2026,2026_956,Named as main author,1.0
5615,2026,2026_959,Named as main author,3.0
5616,2026,2026_960,Named as main author,4.0
5620,2026,2026_964,Named as main author,4.0
5625,2026,2026_969,Named as main author,1.0
5627,2026,2026_971,Named as main author,1.0
5629,2026,2026_973,Named as main author,1.0
5634,2026,2026_978,Named as main author,1.0
5635,2026,2026_979,Named as main author,1.0
5636,2026,2026_980,Named as main author,1.0
5638,2026,2026_982,Named as main author,2.0
5642,2026,2026_986,Named as main author,1.0
5643,2026,2026_987,Named as main author,1.0
5647,2026,2026_991,Named as main author,2.0
5657,2026,2026_1001,Named as main author,4.0
5658,2026,2026_1002,Named as main author,1.0
5663,2026,2026_1007,Named as main author,3.0
5664,2026,2026_1008,Named as main author,2.0
5665,2026,2026_1009,Named as main author,1.0
5666,2026,2026_1010,Named as main author,1.0
5670,2026,2026_1014,Named as main author,3.0
5671,2026,2026_1015,Named as main author,5.0
5672,2026,2026_1016,Named as main author,3.0
5673,2026,2026_1017,Named as main author,5.0
5674,2026,2026_1018,Named as main author,2.0
5675,2026,2026_1019,Named as main author,1.0
5678,2026,2026_1022,Named as main author,5.0
5679,2026,2026_1023,Named as main author,1.0
5683,2026,2026_1027,Named as main author,5.0
5684,2026,2026_1028,Named as main author,2.0
5686,2026,2026_1030,Named as main author,1.0
5687,2026,2026_1031,Named as main author,1.0
5690,2026,2026_1034,Named as main author,5.0
5691,2026,2026_1035,Named as main author,1.0
5694,2026,2026_1038,Named as main author,1.0
5696,2026,2026_1040,Named as main author,1.0
5699,2026,2026_1043,Named as main author,4.0
5701,2026,2026_1045,Named as main author,2.0
5702,2026,2026_1046,Named as main author,1.0
5703,2026,2026_1047,Named as main author,3.0
5704,2026,2026_1048,Named as main author,1.0
5706,2026,2026_1050,Named as main author,4.0
5708,2026,2026_1052,Named as main author,1.0
5711,2026,2026_1055,Named as main author,2.0
5721,2026,2026_1065,Named as main author,3.0
5724,2026,2026_1068,Named as main author,1.0
5725,2026,2026_1069,Named as main author,1.0
5726,2026,2026_1070,Named as main author,1.0
5727,2026,2026_1071,Named as main author,4.0
5729,2026,2026_1073,Named as main author,4.0
5731,2026,2026_1075,Named as main author,1.0
5733,2026,2026_1077,Named as main author,5.0
5735,2026,2026_1079,Named as main author,1.0
5736,2026,2026_1080,Named as main author,3.0
5737,2026,2026_1081,Named as main author,3.0
5739,2026,2026_1083,Named as main author,1.0
5742,2026,2026_1086,Named as main author,3.0
5744,2026,2026_1088,Named as main author,4.0
5747,2026,2026_1091,Named as main author,1.0
5749,2026,2026_1093,Named as main author,1.0
5750,2026,2026_1094,Named as main author,3.0
5755,2026,2026_1099,Named as main author,1.0
5757,2026,2026_1101,Named as main author,1.0
5759,2026,2026_1103,Named as main author,3.0
5760,2026,2026_1104,Named as main author,1.0
5765,2026,2026_1109,Named as main author,3.0
5766,2026,2026_1110,Named as main author,3.0
5768,2026,2026_1112,Named as main author,4.0
5769,2026,2026_1113,Named as main author,1.0
5770,2026,2026_1114,Named as main author,1.0
5771,2026,2026_1115,Named as main author,1.0
5772,2026,2026_1116,Named as main author,1.0
5773,2026,2026_1117,Named as main author,1.0
5777,2026,2026_1121,Named as main author,1.0
5780,2026,2026_1124,Named as main author,1.0
5781,2026,2026_1125,Named as main author,4.0
5782,2026,2026_1126,Named as main author,1.0
5783,2026,2026_1127,Named as main author,3.0
5784,2026,2026_1128,Named as main author,2.0
5785,2026,2026_1129,Named as main author,1.0
5786,2026,2026_1130,Named as main author,1.0
5787,2026,2026_1131,Named as main author,2.0
5788,2026,2026_1132,Named as main author,2.0
5789,2026,2026_1133,Named as main author,1.0
5791,2026,2026_1135,Named as main author,3.0
5792,2026,2026_1136,Named as main author,5.0
5793,2026,2026_1137,Named as main author,1.0
5796,2026,2026_1140,Named as main author,1.0
5797,2026,2026_1141,Named as main author,1.0
5798,2026,2026_1142,Named as main author,3.0
5799,2026,2026_1143,Named as main author,1.0
5800,2026,2026_1144,Named as main author,3.0
5803,2026,2026_1147,Named as main author,1.0
5804,2026,2026_1148,Named as main author,1.0
5805,2026,2026_1149,Named as main author,1.0
5806,2026,2026_1150,Named as main author,4.0
5808,2026,2026_1152,Named as main author,3.0
5811,2026,2026_1155,Named as main author,1.0
5812,2026,2026_1156,Named as main author,4.0
5813,2026,2026_1157,Named as main author,1.0
5814,2026,2026_1158,Named as main author,1.0
5815,2026,2026_1159,Named as main author,1.0
5818,2026,2026_1162,Named as main author,2.0
